Version,TestID,TestName,Result,Status,ST,MC,BC,HD,ED,CMC,TM
26,C_1_M_1,org.joda.time.TestDuration_Constructors::testParse_noFormatter,0,New,3,66,0.727272727,0.146341463,310,0.015151515,0
26,C_2_M_1,org.joda.time.TestPeriod_Constructors::testParse_noFormatter,0,New,2,315,0.955555556,0.929012346,315,0.006349206,0
26,C_3_M_1,org.joda.time.TestDateMidnight_Constructors::testParse_noFormatter,0,New,3,365,0.591780822,0.470588235,365,0.021917808,0
26,C_3_M_2,org.joda.time.TestDateMidnight_Constructors::testParse_formatter,0,New,2,323,0.66873065,0.517985612,323,0.015479876,0
26,C_4_M_1,org.joda.time.TestMutableDateTime_Constructors::testParse_noFormatter,0,New,3,378,0.571428571,0.457627119,378,0.023809524,0
26,C_4_M_2,org.joda.time.TestMutableDateTime_Constructors::testParse_formatter,0,New,3,326,0.662576687,0.514285714,326,0.021472393,0
26,C_5_M_1,org.joda.time.TestDateTime_Constructors::testParse_noFormatter,0,New,3,374,0.577540107,0.461538462,374,0.024064171,0
26,C_5_M_2,org.joda.time.TestDateTime_Constructors::testParse_formatter,0,New,3,322,0.670807453,0.519230769,322,0.02173913,0
26,C_6_M_1,org.joda.time.TestMonthDay_Constructors::testParse_noFormatter,0,New,5,360,0.6,0.475770925,360,0.025,0
26,C_6_M_2,org.joda.time.TestMonthDay_Constructors::testParse_formatter,0,New,3,354,0.610169492,0.482142857,354,0.025423729,0
26,C_7_M_1,org.joda.time.TestInstant_Constructors::testParse_noFormatter,0,New,3,363,0.595041322,0.472647702,363,0.016528926,0
26,C_7_M_2,org.joda.time.TestInstant_Constructors::testParse_formatter,0,New,3,325,0.664615385,0.515513126,325,0.021538462,0
26,C_8_M_1,org.joda.time.TestLocalDateTime_Constructors::testParse_noFormatter,0,New,3,439,0.492027335,0.405253283,439,0.020501139,0
26,C_8_M_2,org.joda.time.TestLocalDateTime_Constructors::testParse_formatter,0,New,3,400,0.54,0.437246964,400,0.02,0
26,C_9_M_1,org.joda.time.TestLocalTime_Constructors::testParse_noFormatter,0,New,3,422,0.511848341,0.418604651,422,0.021327014,0
26,C_9_M_2,org.joda.time.TestLocalTime_Constructors::testParse_formatter,0,New,3,400,0.54,0.437246964,400,0.02,0
26,C_10_M_1,org.joda.time.TestLocalDate_Constructors::testParse_noFormatter,0,New,3,426,0.507042254,0.415384615,426,0.021126761,0
26,C_10_M_2,org.joda.time.TestLocalDate_Constructors::testParse_formatter,0,New,3,401,0.538653367,0.436363636,401,0.019950125,0
26,C_11_M_1,org.joda.time.TestYearMonth_Constructors::testParse_noFormatter,0,New,3,353,0.611898017,0.483221477,353,0.025495751,0
26,C_11_M_2,org.joda.time.TestYearMonth_Constructors::testParse_formatter,0,New,3,319,0.677115987,0.523002421,319,0.02507837,0
26,C_12_M_1,org.joda.time.TestMutableInterval_Constructors::testParse_noFormatter,0,New,6,457,0.647702407,0.628450106,457,0.013129103,0
26,C_13_M_1,org.joda.time.TestStringConvert::testDateMidnight,0,New,5,393,0.539440204,0.431771894,393,0.030534351,0
26,C_13_M_2,org.joda.time.TestStringConvert::testDateTime,0,New,5,388,0.546391753,0.436213992,388,0.030927835,0
26,C_13_M_3,org.joda.time.TestStringConvert::testMutableDateTime,0,New,5,392,0.540816327,0.432653061,392,0.030612245,0
26,C_13_M_4,org.joda.time.TestStringConvert::testLocalDateTime,0,New,5,387,0.547803618,0.437113402,387,0.031007752,0
26,C_13_M_5,org.joda.time.TestStringConvert::testLocalDate,0,New,5,361,0.587257618,0.461873638,361,0.033240997,0
26,C_13_M_6,org.joda.time.TestStringConvert::testLocalTime,0,New,5,337,0.629080119,0.487356322,337,0.035608309,0
26,C_13_M_7,org.joda.time.TestStringConvert::testYearMonth,0,New,5,367,0.577656676,0.455913978,367,0.032697548,0
26,C_13_M_8,org.joda.time.TestStringConvert::testMonthDay,0,New,5,386,0.549222798,0.438016529,386,0.031088083,0
26,C_13_M_9,org.joda.time.TestStringConvert::testMonthDay_leapDay,0,New,5,386,0.549222798,0.438016529,386,0.031088083,0
26,C_13_M_10,org.joda.time.TestStringConvert::testTimeZone,0,New,5,73,0.369863014,0.075842697,310,0.095890411,0
26,C_13_M_11,org.joda.time.TestStringConvert::testDuration,0,New,5,100,0.39,0.105121294,310,0.08,0
26,C_13_M_12,org.joda.time.TestStringConvert::testPeriod,0,New,5,359,0.82729805,0.798387097,359,0.025069638,0
26,C_13_M_13,org.joda.time.TestStringConvert::testMutablePeriod,0,New,5,361,0.819944598,0.789333333,361,0.024930748,0
26,C_13_M_14,org.joda.time.TestStringConvert::testYears,0,New,5,352,0.829545455,0.789189189,352,0.019886364,0
26,C_13_M_15,org.joda.time.TestStringConvert::testMonths,0,New,5,350,0.834285714,0.793478261,350,0.02,0
26,C_13_M_16,org.joda.time.TestStringConvert::testWeeks,0,New,5,352,0.829545455,0.789189189,352,0.019886364,0
26,C_13_M_17,org.joda.time.TestStringConvert::testDays,0,New,5,350,0.834285714,0.793478261,350,0.02,0
26,C_13_M_18,org.joda.time.TestStringConvert::testHours,0,New,5,350,0.834285714,0.793478261,350,0.02,0
26,C_13_M_19,org.joda.time.TestStringConvert::testMinutes,0,New,5,352,0.829545455,0.789189189,352,0.019886364,0
26,C_13_M_20,org.joda.time.TestStringConvert::testSeconds,0,New,5,353,0.83286119,0.796747967,353,0.019830028,0
26,C_14_M_1,org.joda.time.TestDateTimeZoneCutover::test_DateTime_JustAfterLastEverOverlap,0,Modified,6,368,0.608695652,0.49339207,368,0.002717391,0
26,C_14_M_2,org.joda.time.TestDateTimeZoneCutover::testWithMinuteOfHourInDstChange_mockZone,1,New,16,318,0.657232704,0.498806683,318,0.006289308,0
26,C_14_M_3,org.joda.time.TestDateTimeZoneCutover::testWithHourOfDayInDstChange,1,New,5,389,0.588688946,0.487234043,389,0.015424165,0
26,C_14_M_4,org.joda.time.TestDateTimeZoneCutover::testWithMinuteOfHourInDstChange,1,New,5,389,0.588688946,0.487234043,389,0.015424165,0
26,C_14_M_5,org.joda.time.TestDateTimeZoneCutover::testWithSecondOfMinuteInDstChange,1,New,5,389,0.588688946,0.487234043,389,0.015424165,0
26,C_14_M_6,org.joda.time.TestDateTimeZoneCutover::testWithMillisOfSecondInDstChange_Paris_summer,1,New,5,389,0.588688946,0.487234043,389,0.015424165,0
26,C_14_M_7,org.joda.time.TestDateTimeZoneCutover::testWithMillisOfSecondInDstChange_Paris_winter,0,New,5,389,0.588688946,0.487234043,389,0.015424165,0
26,C_14_M_8,org.joda.time.TestDateTimeZoneCutover::testWithMillisOfSecondInDstChange_NewYork_summer,0,New,5,387,0.591731266,0.489316239,387,0.015503876,0
26,C_14_M_9,org.joda.time.TestDateTimeZoneCutover::testWithMillisOfSecondInDstChange_NewYork_winter,1,New,5,387,0.591731266,0.489316239,387,0.015503876,0
26,C_14_M_10,org.joda.time.TestDateTimeZoneCutover::testPlusMinutesInDstChange,0,New,5,387,0.591731266,0.489316239,387,0.015503876,0
26,C_14_M_11,org.joda.time.TestDateTimeZoneCutover::testPlusSecondsInDstChange,0,New,5,387,0.591731266,0.489316239,387,0.015503876,0
26,C_14_M_12,org.joda.time.TestDateTimeZoneCutover::testPlusMillisInDstChange,0,New,5,387,0.591731266,0.489316239,387,0.015503876,0
26,C_14_M_13,org.joda.time.TestDateTimeZoneCutover::testBug2182444_usCentral,1,New,16,331,0.625377644,0.476958525,331,0.003021148,0
26,C_14_M_14,org.joda.time.TestDateTimeZoneCutover::testBug2182444_ausNSW,1,New,16,308,0.655844156,0.485576923,310,0.003246753,0
26,C_15_M_1,org.joda.time.TestMutablePeriod_Constructors::testParse_noFormatter,0,New,2,317,0.94637224,0.917431193,317,0.006309148,0
26,C_16_M_1,org.joda.time.TestInterval_Constructors::testParse_noFormatter,0,New,6,460,0.643478261,0.624472574,460,0.013043478,0
26,C_17_M_1,org.joda.time.format.TestDateTimeFormat::testFormatParse_textMonthAtEnd_France,0,Modified,6,348,0.620689655,0.488687783,348,0.020114943,0
26,C_17_M_2,org.joda.time.format.TestDateTimeFormat::testFormatParse_textMonthAtEnd_France_withSpecifiedDefault,0,New,6,349,0.618911175,0.48758465,349,0.022922636,0
26,C_18_M_1,org.joda.time.format.TestDateTimeFormatter::testParseLocalDate_yearOfEra,0,New,9,478,0.451882845,0.377622378,478,0.016736402,0
26,C_18_M_2,org.joda.time.format.TestDateTimeFormatter::testParseLocalDate_yearOfCentury,0,New,5,453,0.476821192,0.39488117,453,0.022075055,0
26,C_18_M_3,org.joda.time.format.TestDateTimeFormatter::testParseLocalDate_monthDay_feb29,0,New,4,434,0.495391705,0.406427221,434,0.01843318,0
26,C_18_M_4,org.joda.time.format.TestDateTimeFormatter::testParseLocalDate_monthDay_withDefaultYear_feb29,0,New,4,435,0.494252874,0.405660377,435,0.020689655,0
26,C_18_M_5,org.joda.time.format.TestDateTimeFormatter::testParseLocalDateTime_monthDay_feb29,0,New,4,430,0.5,0.40952381,430,0.018604651,0
26,C_18_M_6,org.joda.time.format.TestDateTimeFormatter::testParseLocalDateTime_monthDay_withDefaultYear_feb29,0,New,4,431,0.498839907,0.408745247,431,0.020881671,0
25,C_1_M_1,org.joda.time.TestDateTimeZoneCutover::test_DateTime_constructor_NewYork_Autumn,0,New,3,325,0.996923077,0.784559408,3249,0,0
25,C_1_M_2,org.joda.time.TestDateTimeZoneCutover::test_getOffsetFromLocal_Moscow_Autumn,1,Modified,17,330,0.978787879,0.778697992,3264,0,0
25,C_1_M_3,org.joda.time.TestDateTimeZoneCutover::test_getOffsetFromLocal_Moscow_Autumn_overlap_mins,1,New,8,329,0.981762918,0.780743407,3261,0,0
25,C_1_M_4,org.joda.time.TestDateTimeZoneCutover::test_DateTime_constructor_Moscow_Autumn,1,New,3,326,0.996932515,0.784457488,3252,0,0
24,C_1_M_1,org.joda.time.TestSerialization::testSerializedInstant,0,Modified,4,38,0.789473684,0.070665173,4195,0,0
24,C_1_M_2,org.joda.time.TestSerialization::testSerializedDateTime,0,Modified,4,229,0.96069869,0.587842751,4195,0,0
24,C_1_M_3,org.joda.time.TestSerialization::testSerializedDateTimeProperty,0,Modified,4,232,0.952586207,0.58691302,4195,0,0
24,C_1_M_4,org.joda.time.TestSerialization::testSerializedMutableDateTime,0,Modified,4,229,0.96069869,0.587842751,4195,0,0
24,C_1_M_5,org.joda.time.TestSerialization::testSerializedMutableDateTimeProperty,0,Modified,4,232,0.952586207,0.58691302,4195,0,0
24,C_1_M_6,org.joda.time.TestSerialization::testSerializedDateMidnight,0,Modified,4,275,0.96,0.665719269,4195,0,0
24,C_1_M_7,org.joda.time.TestSerialization::testSerializedDateMidnightProperty,0,Modified,4,278,0.95323741,0.664471183,4195,0,0
24,C_1_M_8,org.joda.time.TestSerialization::testSerializedLocalDate,0,New,4,275,0.952727273,0.653860109,4195,0.003636364,0
24,C_1_M_9,org.joda.time.TestSerialization::testSerializedLocalDateBuddhist,0,New,4,335,0.728358209,0.505148406,4288,0.002985075,0
24,C_1_M_10,org.joda.time.TestSerialization::testSerializedLocalTime,0,New,4,278,0.938848921,0.647037795,4195,0.003597122,0
24,C_1_M_11,org.joda.time.TestSerialization::testSerializedLocalDateTime,0,New,4,274,0.952554745,0.653952074,4195,0.003649635,0
24,C_1_M_12,org.joda.time.TestSerialization::testSerializedYearMonthDay,0,Modified,4,275,0.949090909,0.656303693,4195,0,0
24,C_1_M_13,org.joda.time.TestSerialization::testSerializedTimeOfDay,0,Modified,4,285,0.912280702,0.634920726,4195,0,0
24,C_1_M_14,org.joda.time.TestSerialization::testSerializedDateTimeZoneUTC,0,Modified,4,35,0.828571429,0.068551552,4195,0,0
24,C_1_M_15,org.joda.time.TestSerialization::testSerializedDateTimeZone,0,Modified,4,35,0.828571429,0.068551552,4195,0,0
24,C_1_M_16,org.joda.time.TestSerialization::testSerializedCopticChronology,0,Modified,4,250,0.84,0.507154827,4195,0,0
24,C_1_M_17,org.joda.time.TestSerialization::testSerializedISOChronology,0,Modified,4,219,0.97260274,0.57985701,4195,0,0
24,C_1_M_18,org.joda.time.TestSerialization::testSerializedGJChronology,0,Modified,4,296,0.800675676,0.542091591,4195,0,0
24,C_1_M_19,org.joda.time.TestSerialization::testSerializedGJChronologyChangedInternals,0,Modified,4,296,0.800675676,0.542091591,4195,0,0
24,C_1_M_20,org.joda.time.TestSerialization::testSerializedGregorianChronology,0,Modified,4,213,0.971830986,0.559652479,4195,0,0
24,C_1_M_21,org.joda.time.TestSerialization::testSerializedJulianChronology,0,Modified,4,226,0.884955752,0.514641834,4195,0,0
24,C_1_M_22,org.joda.time.TestSerialization::testSerializedBuddhistChronology,0,Modified,4,348,0.74137931,0.53093977,4379,0,0
24,C_1_M_23,org.joda.time.TestSerialization::testSerializedPeriodType,0,Modified,4,43,0.837209302,0.085171021,4195,0,0
24,C_1_M_24,org.joda.time.TestSerialization::testSerializedDateTimeFieldType,0,Modified,4,50,0.88,0.110572168,4195,0,0
24,C_1_M_25,org.joda.time.TestSerialization::testSerializedUnsupportedDateTimeField,0,Modified,4,56,0.857142857,0.121092411,4195,0,0
24,C_2_M_1,org.joda.time.TestDateTimeZoneCutover::testPeriod,0,New,5,430,0.946511628,0.68964061,5160,0,0
24,C_2_M_2,org.joda.time.TestDateTimeZoneCutover::testForum4013394_retainOffsetWhenRetainFields_sameOffsetsDifferentZones,0,New,9,338,0.973372781,0.818874571,4309,0.00295858,0
24,C_3_M_1,org.joda.time.format.TestDateTimeFormatter::testParseLocalDate_weekyear_month_week_2010,1,New,4,445,0.714606742,0.564371998,5340,0.004494382,0
24,C_3_M_2,org.joda.time.format.TestDateTimeFormatter::testParseLocalDate_weekyear_month_week_2011,1,New,4,445,0.714606742,0.564371998,5340,0.004494382,0
24,C_3_M_3,org.joda.time.format.TestDateTimeFormatter::testParseLocalDate_weekyear_month_week_2012,1,New,4,445,0.714606742,0.564371998,5340,0.004494382,0
24,C_3_M_4,org.joda.time.format.TestDateTimeFormatter::testParseLocalDate_year_month_week_2010,1,New,4,445,0.714606742,0.564371998,5340,0.004494382,0
24,C_3_M_5,org.joda.time.format.TestDateTimeFormatter::testParseLocalDate_year_month_week_2011,1,New,4,445,0.714606742,0.564371998,5340,0.004494382,0
24,C_3_M_6,org.joda.time.format.TestDateTimeFormatter::testParseLocalDate_year_month_week_2012,1,New,4,445,0.714606742,0.564371998,5340,0.004494382,0
24,C_3_M_7,org.joda.time.format.TestDateTimeFormatter::testParseLocalDate_year_month_week_2013,0,New,4,437,0.725400458,0.570512587,5244,0.004576659,0
24,C_3_M_8,org.joda.time.format.TestDateTimeFormatter::testParseLocalDate_year_month_week_2014,0,New,4,437,0.725400458,0.570512587,5244,0.004576659,0
24,C_3_M_9,org.joda.time.format.TestDateTimeFormatter::testParseLocalDate_year_month_week_2015,0,New,4,437,0.725400458,0.570512587,5244,0.004576659,0
24,C_3_M_10,org.joda.time.format.TestDateTimeFormatter::testParseLocalDate_year_month_week_2016,1,New,4,445,0.714606742,0.564371998,5340,0.004494382,0
23,C_1_M_1,org.joda.time.TestDateTimeZoneCutover::testBug3192457_adjustOffset,0,New,11,290,0.968965517,0.638901657,7310,0.010344828,0
23,C_2_M_1,org.joda.time.TestDateTimeZone::testForID_String_old,1,New,41,33,0.787878788,0.064190661,7310,0.03030303,0
22,C_1_M_1,org.joda.time.TestPeriod_Constructors::testConstructor_long_fixedZone,1,New,18,258,0.930232558,0.488563961,7568,0,0
22,C_2_M_1,org.joda.time.TestDuration_Basics::testToPeriod,0,Modified,18,262,0.900763359,0.489575058,7572,0,0
22,C_2_M_2,org.joda.time.TestDuration_Basics::testToPeriod_fixedZone,1,New,18,262,0.916030534,0.483874718,7572,0,0
21,C_1_M_1,org.joda.time.TestDateMidnight_Constructors::test_now,0,New,7,285,0.947368421,0.60394169,8165,0.010526316,0
21,C_1_M_2,org.joda.time.TestDateMidnight_Constructors::test_now_DateTimeZone,0,New,4,279,0.956989247,0.604948748,8147,0.010752688,0
21,C_1_M_3,org.joda.time.TestDateMidnight_Constructors::test_now_nullDateTimeZone,0,New,6,35,0.828571429,0.09590157,7865,0.028571429,0
21,C_1_M_4,org.joda.time.TestDateMidnight_Constructors::test_now_Chronology,0,New,4,279,0.953405018,0.597415919,8147,0.010752688,0
21,C_1_M_5,org.joda.time.TestDateMidnight_Constructors::test_now_nullChronology,0,New,6,35,0.828571429,0.09590157,7865,0.028571429,0
21,C_2_M_1,org.joda.time.TestMutableDateTime_Constructors::test_now,0,New,4,235,0.94893617,0.546850228,8065,0.008510638,0
21,C_2_M_2,org.joda.time.TestMutableDateTime_Constructors::test_now_DateTimeZone,0,New,4,234,0.948717949,0.546515068,8064,0.008547009,0
21,C_2_M_3,org.joda.time.TestMutableDateTime_Constructors::test_now_nullDateTimeZone,0,New,6,36,0.805555556,0.095059186,7866,0.027777778,0
21,C_2_M_4,org.joda.time.TestMutableDateTime_Constructors::test_now_Chronology,0,New,4,228,0.942982456,0.52515426,8058,0.00877193,0
21,C_2_M_5,org.joda.time.TestMutableDateTime_Constructors::test_now_nullChronology,0,New,6,36,0.805555556,0.095059186,7866,0.027777778,0
21,C_3_M_1,org.joda.time.TestDateTime_Constructors::test_now,0,New,4,235,0.94893617,0.546850228,8065,0.008510638,0
21,C_3_M_2,org.joda.time.TestDateTime_Constructors::test_now_DateTimeZone,0,New,4,234,0.948717949,0.546515068,8064,0.008547009,0
21,C_3_M_3,org.joda.time.TestDateTime_Constructors::test_now_nullDateTimeZone,0,New,6,36,0.805555556,0.095059186,7866,0.027777778,0
21,C_3_M_4,org.joda.time.TestDateTime_Constructors::test_now_Chronology,0,New,4,228,0.942982456,0.52515426,8058,0.00877193,0
21,C_3_M_5,org.joda.time.TestDateTime_Constructors::test_now_nullChronology,0,New,6,36,0.805555556,0.095059186,7866,0.027777778,0
21,C_4_M_1,org.joda.time.TestMonthDay_Constructors::testConstructor,0,Modified,6,301,0.920265781,0.57600246,8213,0.006644518,0
21,C_4_M_2,org.joda.time.TestMonthDay_Constructors::testConstructor_DateTimeZone,0,Modified,13,344,0.927325581,0.612962362,8498,0.011627907,0
21,C_4_M_3,org.joda.time.TestMonthDay_Constructors::testConstructor_Chronology,0,Modified,6,297,0.919191919,0.571161999,8201,0.006734007,0
21,C_5_M_1,org.joda.time.TestSerialization::testDuration,0,New,4,39,0.820512821,0.09327014,7869,0,0
21,C_6_M_1,org.joda.time.TestInstant_Constructors::test_now,0,New,4,191,0.942408377,0.45053815,8021,0.005235602,0
21,C_7_M_1,org.joda.time.TestLocalDateTime_Constructors::testConstructor,0,Modified,11,370,0.948648649,0.578028661,8758,0.013513514,0
21,C_7_M_2,org.joda.time.TestLocalDateTime_Constructors::testConstructor_DateTimeZone,0,Modified,23,384,0.947916667,0.574446433,8898,0.013020833,0
21,C_7_M_3,org.joda.time.TestLocalDateTime_Constructors::testConstructor_Chronology,0,Modified,11,366,0.948087432,0.573594888,8718,0.013661202,0
21,C_8_M_1,org.joda.time.TestLocalTime_Constructors::testConstructor,0,Modified,8,373,0.930294906,0.5704647,8788,0.013404826,0
21,C_8_M_2,org.joda.time.TestLocalTime_Constructors::testConstructor_DateTimeZone,0,Modified,17,387,0.930232558,0.567147073,8928,0.012919897,0
21,C_8_M_3,org.joda.time.TestLocalTime_Constructors::testConstructor_Chronology,0,Modified,8,370,0.92972973,0.567771781,8758,0.013513514,0
21,C_9_M_1,org.joda.time.TestLocalDate_Constructors::testConstructor,0,Modified,7,366,0.961748634,0.584289829,8718,0.013661202,0
21,C_9_M_2,org.joda.time.TestLocalDate_Constructors::testConstructor_DateTimeZone,0,Modified,15,380,0.960526316,0.580513467,8858,0.013157895,0
21,C_9_M_3,org.joda.time.TestLocalDate_Constructors::testConstructor_Chronology,0,Modified,7,362,0.961325967,0.579829663,8678,0.013812155,0
21,C_10_M_1,org.joda.time.TestYearMonth_Constructors::testConstructor,0,Modified,6,256,0.91796875,0.549032847,8086,0.0078125,0
21,C_10_M_2,org.joda.time.TestYearMonth_Constructors::testConstructor_DateTimeZone,0,Modified,13,302,0.927152318,0.591493869,8216,0.013245033,0
21,C_10_M_3,org.joda.time.TestYearMonth_Constructors::testConstructor_Chronology,0,Modified,6,252,0.916666667,0.543779156,8082,0.007936508,0
21,C_11_M_1,org.joda.time.TestDateTimeZoneCutover::testDateTimeCreation_europe,0,New,5,332,0.987951807,0.695979669,8378,0.009036145,0
21,C_11_M_2,org.joda.time.TestDateTimeZoneCutover::testDateTimeCreation_us,0,New,5,330,0.990909091,0.697921856,8359,0.009090909,0
21,C_12_M_1,org.joda.time.TestDateTimeZone::testGetShortName_berlin,1,New,11,230,0.973913043,0.515909092,8060,0.004347826,0
21,C_12_M_2,org.joda.time.TestDateTimeZone::testGetName_berlin,1,New,11,230,0.973913043,0.515909092,8060,0.004347826,0
21,C_13_M_1,org.joda.time.format.TestDateTimeFormatterBuilder::test_appendTimeZoneId,0,New,11,275,0.949090909,0.579913046,8135,0.018181818,0
21,C_13_M_2,org.joda.time.format.TestDateTimeFormatterBuilder::test_printParseZoneTokyo,0,New,6,320,0.953125,0.635931372,8294,0.01875,0
21,C_13_M_3,org.joda.time.format.TestDateTimeFormatterBuilder::test_printParseZoneParis,0,New,7,333,0.948948949,0.64031107,8388,0.021021021,0
21,C_13_M_4,org.joda.time.format.TestDateTimeFormatterBuilder::test_printParseOffset,0,New,8,332,0.942771084,0.627477045,8378,0.018072289,0
21,C_13_M_5,org.joda.time.format.TestDateTimeFormatterBuilder::test_printParseOffsetAndZone,0,New,8,336,0.9375,0.626639428,8418,0.023809524,0
21,C_13_M_6,org.joda.time.format.TestDateTimeFormatterBuilder::test_parseWrongOffset,0,New,7,321,0.943925234,0.615040616,8300,0.018691589,0
21,C_13_M_7,org.joda.time.format.TestDateTimeFormatterBuilder::test_parseWrongOffsetAndZone,0,New,7,325,0.938461538,0.614244465,8324,0.024615385,0
21,C_13_M_8,org.joda.time.format.TestDateTimeFormatterBuilder::test_localPrintParseZoneTokyo,0,New,7,329,0.945288754,0.629674668,8351,0.021276596,0
21,C_13_M_9,org.joda.time.format.TestDateTimeFormatterBuilder::test_localPrintParseOffset,0,New,9,333,0.942942943,0.628468221,8388,0.018018018,0
21,C_13_M_10,org.joda.time.format.TestDateTimeFormatterBuilder::test_localPrintParseOffsetAndZone,0,New,8,336,0.94047619,0.629146889,8418,0.023809524,0
21,C_13_M_11,org.joda.time.format.TestDateTimeFormatterBuilder::test_localParseWrongOffsetAndZone,0,New,7,313,0.939297125,0.612369237,8257,0.025559105,0
21,C_13_M_12,org.joda.time.format.TestDateTimeFormatterBuilder::test_printParseShortName,0,New,12,324,0.941358025,0.633074578,8318,0.015432099,0
21,C_13_M_13,org.joda.time.format.TestDateTimeFormatterBuilder::test_printParseShortNameWithLookup,0,New,17,338,0.937869822,0.632855714,8438,0.014792899,0
21,C_13_M_14,org.joda.time.format.TestDateTimeFormatterBuilder::test_printParseLongName,0,New,12,324,0.941358025,0.633074578,8318,0.015432099,0
21,C_13_M_15,org.joda.time.format.TestDateTimeFormatterBuilder::test_printParseLongNameWithLookup,0,New,17,338,0.937869822,0.632855714,8438,0.014792899,0
20,C_1_M_1,org.joda.time.TestMutableInterval_Basics::testToString,0,Modified,5,348,0.91954023,0.604602099,9234,0.002873563,0
20,C_1_M_2,org.joda.time.TestMutableInterval_Basics::testToString,0,Modified,5,348,0.91954023,0.604602099,9234,0.002873563,0
20,C_2_M_1,org.joda.time.TestInterval_Basics::testToString_reparse,0,New,5,475,0.903157895,0.56881256,11400,0.002105263,0
20,C_3_M_1,org.joda.time.format.TestDateTimeFormatterBuilder::test_printParseZoneDawsonCreek,1,New,6,294,0.959183673,0.616396506,8780,0,0
19,C_1_M_1,org.joda.time.TestDateTimeZoneCutover::testDateTimeCreation_athens,0,New,5,332,0.990963855,0.693715793,9374,0,0
19,C_1_M_2,org.joda.time.TestDateTimeZoneCutover::testDateTimeCreation_paris,0,New,5,332,0.990963855,0.693715793,9374,0,0
19,C_1_M_3,org.joda.time.TestDateTimeZoneCutover::testDateTimeCreation_london,1,New,5,327,0.996941896,0.697627352,9318,0,0
19,C_1_M_4,org.joda.time.TestDateTimeZoneCutover::testDateTimeCreation_newYork,0,New,5,330,0.993939394,0.695514903,9349,0,0
19,C_1_M_5,org.joda.time.TestDateTimeZoneCutover::testDateTimeCreation_losAngeles,0,New,5,330,0.993939394,0.695514903,9349,0,0
18,C_1_M_1,org.joda.time.TestMutablePeriod_Basics::testSerialization,0,New,12,206,0.946601942,0.471272472,9117,0,0
18,C_2_M_1,org.joda.time.chrono.TestGJChronology::testLeapYearRulesConstruction,1,New,5,279,0.964157706,0.525245613,9326,0,0
18,C_2_M_2,org.joda.time.chrono.TestGJChronology::testLeapYearRulesConstructionInvalid,0,New,6,279,0.964157706,0.525245613,9326,0,0
17,C_1_M_1,org.joda.time.TestPeriodType::testForFields4,0,Modified,6,72,0.597222222,0.103777867,9262,0.027777778,0
17,C_1_M_2,org.joda.time.TestPeriodType::testForFields7,0,New,8,73,0.589041096,0.103372839,9263,0.02739726,0
17,C_2_M_1,org.joda.time.TestDateTimeZoneCutover::testBug3192457_adjustOffset,0,Modified,11,291,0.969072165,0.629276437,9677,0.003436426,0
17,C_2_M_2,org.joda.time.TestDateTimeZoneCutover::testBug3476684_adjustOffset,1,New,11,317,0.981072555,0.667569976,9872,0.003154574,0
17,C_2_M_3,org.joda.time.TestDateTimeZoneCutover::testBug3476684_adjustOffset_springGap,0,New,11,260,0.976923077,0.590013761,9512,0.003846154,0
17,C_3_M_1,org.joda.time.format.TestPeriodFormat::test_wordBased_default,0,New,3,267,0.928838951,0.501410731,9545,0.003745318,0
17,C_3_M_2,org.joda.time.format.TestPeriodFormat::test_wordBased_fr_from_de,0,New,4,266,0.932330827,0.502700656,9540,0.003759398,0
17,C_3_M_3,org.joda.time.format.TestPeriodFormat::test_wordBased_fr_from_nl,0,New,4,266,0.932330827,0.502700656,9540,0.003759398,0
17,C_3_M_4,org.joda.time.format.TestPeriodFormat::test_wordBased_en_from_de,0,New,4,266,0.932330827,0.502700656,9540,0.003759398,0
17,C_3_M_5,org.joda.time.format.TestPeriodFormat::test_wordBased_en_from_nl,0,New,4,266,0.932330827,0.502700656,9540,0.003759398,0
17,C_4_M_1,org.joda.time.tz.TestCachedDateTimeZone::test_caching,0,New,4,31,0.838709677,0.095353538,9223,0.032258065,0
17,C_4_M_2,org.joda.time.tz.TestCachedDateTimeZone::testSerialization,0,New,12,33,0.787878788,0.093663646,9223,0.03030303,0
16,C_1_M_1,org.joda.time.TestPartial_Constructors::testConstructorEx_Partial,0,New,7,223,0.968609865,0.555259042,9730,0.00896861,0
16,C_2_M_1,org.joda.time.TestPeriod_Basics::testMultipliedBy,0,New,43,257,0.93385214,0.522923113,9818,0.011673152,0
16,C_2_M_2,org.joda.time.TestPeriod_Basics::testNegated,0,New,20,256,0.93359375,0.523683874,9815,0.015625,0
16,C_3_M_1,org.joda.time.TestDateTimeZone::testForTimeZone_TimeZone,0,Modified,27,60,0.916666667,0.122607051,9567,0.1,0
16,C_4_M_1,org.joda.time.field.TestFieldUtils::testSafeMultiplyLongLong,0,New,37,4,0,0,9540,0,0
16,C_5_M_1,org.joda.time.format.TestDateTimeFormatter::testParseInto_monthOnly,1,New,5,448,0.973214286,0.634090383,12544,0.008928571,0
16,C_5_M_2,org.joda.time.format.TestDateTimeFormatter::testParseInto_monthOnly_baseStartYear,1,New,5,441,0.972789116,0.632302494,12376,0.009070295,0
16,C_5_M_3,org.joda.time.format.TestDateTimeFormatter::testParseInto_monthOnly_parseStartYear,1,New,5,441,0.972789116,0.632302494,12376,0.009070295,0
16,C_5_M_4,org.joda.time.format.TestDateTimeFormatter::testParseInto_monthOnly_baseEndYear,1,New,5,441,0.972789116,0.632302494,12376,0.009070295,0
16,C_5_M_5,org.joda.time.format.TestDateTimeFormatter::testParseInto_monthOnly_parseEndYear,1,New,5,441,0.972789116,0.632302494,12376,0.009070295,0
16,C_5_M_6,org.joda.time.format.TestDateTimeFormatter::testParseInto_monthDay_feb29,1,New,5,449,0.973273942,0.63322042,12572,0.008908686,0
16,C_5_M_7,org.joda.time.format.TestDateTimeFormatter::testParseInto_monthDay_withDefaultYear_feb29,1,New,5,448,0.975446429,0.634535148,12544,0.008928571,0
15,C_1_M_1,org.joda.time.field.TestFieldUtils::testSafeMultiplyLongInt,1,New,33,4,0,0,12649,0,0
14,C_1_M_1,org.joda.time.TestMonthDay_Basics::testPlusMonths_int_fromLeap,1,New,5,444,0.891891892,0.575579783,16004,0,0
14,C_1_M_2,org.joda.time.TestMonthDay_Basics::testPlusMonths_int_negativeFromLeap,1,New,5,444,0.891891892,0.575579783,16004,0,0
14,C_1_M_3,org.joda.time.TestMonthDay_Basics::testPlusMonths_int_endOfMonthAdjust,0,New,5,450,0.88,0.573145502,16200,0,0
14,C_1_M_4,org.joda.time.TestMonthDay_Basics::testPlusMonths_int_negativeEndOfMonthAdjust,1,New,5,464,0.862068966,0.564234174,16704,0,0
14,C_1_M_5,org.joda.time.TestMonthDay_Basics::testPlusDays_int_fromLeap,1,New,5,445,0.88988764,0.574445148,16030,0,0
14,C_1_M_6,org.joda.time.TestMonthDay_Basics::testPlusDays_int_negativeFromLeap,0,New,5,447,0.881431767,0.574919632,16096,0,0
14,C_1_M_7,org.joda.time.TestMonthDay_Basics::testMinusMonths_int_fromLeap,1,New,5,445,0.88988764,0.574445148,16030,0,0
14,C_1_M_8,org.joda.time.TestMonthDay_Basics::testMinusMonths_int_negativeFromLeap,1,New,5,445,0.88988764,0.574445148,16030,0,0
14,C_1_M_9,org.joda.time.TestMonthDay_Basics::testMinusMonths_int_endOfMonthAdjust,1,New,5,465,0.860215054,0.563156755,16740,0,0
14,C_1_M_10,org.joda.time.TestMonthDay_Basics::testMinusMonths_int_negativeEndOfMonthAdjust,0,New,5,451,0.87804878,0.572025894,16236,0,0
14,C_1_M_11,org.joda.time.TestMonthDay_Basics::testMinusDays_int_fromLeap,0,New,5,448,0.879464286,0.573791002,16129,0,0
14,C_1_M_12,org.joda.time.TestMonthDay_Basics::testMinusDays_int_negativeFromLeap,1,New,5,446,0.887892377,0.573314985,16063,0,0
13,C_1_M_1,org.joda.time.TestDateTimeUtils::test_julianDay,0,New,32,325,0.963076923,0.592188772,17308,0.018461538,0
13,C_2_M_1,org.joda.time.format.TestDateTimeFormatterBuilder::test_append_Printer,0,Modified,12,241,0.962655602,0.531701038,16718,0.008298755,0
13,C_2_M_2,org.joda.time.format.TestDateTimeFormatterBuilder::test_append_nullPrinter,0,New,7,32,0.90625,0.076316525,16279,0.03125,0
13,C_2_M_3,org.joda.time.format.TestDateTimeFormatterBuilder::test_append_Parser,0,New,12,244,0.983606557,0.52556055,16730,0.008196721,0
13,C_2_M_4,org.joda.time.format.TestDateTimeFormatterBuilder::test_append_nullParser,0,New,7,32,0.96875,0.077351377,16279,0.03125,0
13,C_2_M_5,org.joda.time.format.TestDateTimeFormatterBuilder::test_append_Printer_nullParser,0,New,10,38,0.894736842,0.082849802,16290,0.026315789,0
13,C_2_M_6,org.joda.time.format.TestDateTimeFormatterBuilder::test_append_nullPrinter_Parser,0,New,10,37,0.918918919,0.083295869,16288,0.027027027,0
13,C_2_M_7,org.joda.time.format.TestDateTimeFormatterBuilder::test_appendOptional_Parser,0,New,12,245,0.983673469,0.52522586,16734,0.008163265,0
13,C_2_M_8,org.joda.time.format.TestDateTimeFormatterBuilder::test_appendOptional_nullParser,0,New,7,32,0.96875,0.077774168,16279,0.03125,0
13,C_2_M_9,org.joda.time.format.TestDateTimeFormatterBuilder::test_printParseShortName,0,Modified,14,322,0.98447205,0.615537584,17272,0.02173913,0
13,C_2_M_10,org.joda.time.format.TestDateTimeFormatterBuilder::test_printParseShortNameWithLookup,0,Modified,19,341,0.982404692,0.611082403,17562,0.020527859,0
13,C_2_M_11,org.joda.time.format.TestDateTimeFormatterBuilder::test_printParseShortNameWithAutoLookup,0,New,22,342,0.976608187,0.607863965,17579,0.023391813,0
13,C_2_M_12,org.joda.time.format.TestDateTimeFormatterBuilder::test_printParseLongName,0,Modified,14,322,0.98447205,0.615537584,17272,0.02173913,0
13,C_2_M_13,org.joda.time.format.TestDateTimeFormatterBuilder::test_printParseLongNameWithLookup,0,Modified,19,341,0.982404692,0.611082403,17562,0.020527859,0
13,C_3_M_1,org.joda.time.format.TestISOPeriodFormat::testFormatStandard_negative,1,New,13,282,0.925531915,0.458273808,16929,0.017730496,0
12,C_1_M_1,org.joda.time.TestMutableDateTime_Sets::testSetDate_RI_same,0,New,11,300,0.953333333,0.587969264,17361,0.013333333,0
12,C_1_M_2,org.joda.time.TestMutableDateTime_Sets::testSetDate_RI_different1,0,New,11,301,0.953488372,0.587075498,17370,0.013289037,0
12,C_1_M_3,org.joda.time.TestMutableDateTime_Sets::testSetDate_RI_different2,0,New,11,301,0.953488372,0.587075498,17370,0.013289037,0
12,C_2_M_1,org.joda.time.TestLocalDateTime_Constructors::testFactory_fromCalendarFields,0,New,5,355,0.971830986,0.623157401,18155,0.011267606,0
12,C_2_M_2,org.joda.time.TestLocalDateTime_Constructors::testFactory_fromCalendarFields_beforeYearZero1,1,New,6,408,0.955882353,0.652232409,19206,0.009803922,0
12,C_2_M_3,org.joda.time.TestLocalDateTime_Constructors::testFactory_fromCalendarFields_beforeYearZero3,1,New,6,408,0.955882353,0.652232409,19206,0.009803922,0
12,C_2_M_4,org.joda.time.TestLocalDateTime_Constructors::testFactory_fromCalendarFields_null,0,New,6,347,0.982708934,0.627368115,18011,0.011527378,0
12,C_2_M_5,org.joda.time.TestLocalDateTime_Constructors::testFactory_fromDateFields_after1970,0,New,5,355,0.971830986,0.623157401,18155,0.014084507,0
12,C_2_M_6,org.joda.time.TestLocalDateTime_Constructors::testFactory_fromDateFields_before1970,0,New,5,355,0.971830986,0.623157401,18155,0.014084507,0
12,C_2_M_7,org.joda.time.TestLocalDateTime_Constructors::testFactory_fromDateFields_beforeYearZero1,1,New,6,408,0.955882353,0.652232409,19206,0.012254902,0
12,C_2_M_8,org.joda.time.TestLocalDateTime_Constructors::testFactory_fromDateFields_beforeYearZero3,1,New,6,408,0.955882353,0.652232409,19206,0.012254902,0
12,C_2_M_9,org.joda.time.TestLocalDateTime_Constructors::testFactory_fromDateFields_null,0,New,6,347,0.982708934,0.627368115,18011,0.014409222,0
12,C_3_M_1,org.joda.time.TestLocalDate_Constructors::testFactory_fromCalendarFields,0,New,5,352,0.974431818,0.6173203,18101,0.011363636,0
12,C_3_M_2,org.joda.time.TestLocalDate_Constructors::testFactory_fromCalendarFields_beforeYearZero1,1,New,6,383,0.976501305,0.646304904,18659,0.010443864,0
12,C_3_M_3,org.joda.time.TestLocalDate_Constructors::testFactory_fromCalendarFields_beforeYearZero3,1,New,6,383,0.976501305,0.646304904,18659,0.010443864,0
12,C_3_M_4,org.joda.time.TestLocalDate_Constructors::testFactory_fromCalendarFields_null,0,New,6,344,0.98255814,0.622394656,17957,0.011627907,0
12,C_3_M_5,org.joda.time.TestLocalDate_Constructors::testFactory_fromDateFields_after1970,0,New,5,352,0.974431818,0.6173203,18101,0.011363636,0
12,C_3_M_6,org.joda.time.TestLocalDate_Constructors::testFactory_fromDateFields_before1970,0,New,5,352,0.974431818,0.6173203,18101,0.011363636,0
12,C_3_M_7,org.joda.time.TestLocalDate_Constructors::testFactory_fromDateFields_beforeYearZero1,1,New,6,383,0.976501305,0.646304904,18659,0.010443864,0
12,C_3_M_8,org.joda.time.TestLocalDate_Constructors::testFactory_fromDateFields_beforeYearZero3,1,New,6,383,0.976501305,0.646304904,18659,0.010443864,0
12,C_3_M_9,org.joda.time.TestLocalDate_Constructors::testFactory_fromDateFields_null,0,New,6,344,0.98255814,0.622394656,17957,0.011627907,0
12,C_4_M_1,org.joda.time.format.TestDateTimeFormatterBuilder::test_printParseZoneBahiaBanderas,0,New,6,320,0.99375,0.615642743,17568,0.009375,0
12,C_5_M_1,org.joda.time.format.TestPeriodFormat::test_wordBased_es_formatStandard,0,Modified,3,267,0.962546816,0.472444559,17118,0.007490637,0
12,C_5_M_2,org.joda.time.format.TestPeriodFormat::test_wordBased_es_FormatOneField,0,Modified,3,266,0.958646617,0.472844073,17112,0.007518797,0
12,C_5_M_3,org.joda.time.format.TestPeriodFormat::test_wordBased_es_formatTwoFields,0,Modified,3,269,0.955390335,0.46980989,17130,0.007434944,0
12,C_5_M_4,org.joda.time.format.TestPeriodFormat::test_wordBased_es_parseOneField,0,Modified,3,305,0.950819672,0.44427219,17406,0.006557377,0
12,C_5_M_5,org.joda.time.format.TestPeriodFormat::test_wordBased_es_parseTwoFields,0,Modified,3,308,0.944805195,0.441420558,17433,0.006493506,0
12,C_5_M_6,org.joda.time.format.TestPeriodFormat::test_wordBased_da_formatMultiple,0,New,3,267,0.962546816,0.472444559,17118,0.007490637,0
12,C_5_M_7,org.joda.time.format.TestPeriodFormat::test_wordBased_da_formatSinglular,0,New,3,267,0.962546816,0.472444559,17118,0.007490637,0
11,C_1_M_1,org.joda.time.TestLocalDateTime_Constructors::testConstructor_Object_Chronology_crossChronology,0,New,11,465,0.944086022,0.617134511,24645,0.002150538,0
11,C_2_M_1,org.joda.time.TestDateTime_Properties::testPropertyWithMaximumValueMillisOfDayDSTGap,0,New,5,374,0.965240642,0.625081703,21661,0.010695187,0
11,C_2_M_2,org.joda.time.TestDateTime_Properties::testPropertyWithMinimumValueMillisOfDayDSTGap,0,New,5,375,0.962666667,0.621809971,21679,0.010666667,0
11,C_3_M_1,org.joda.time.TestLocalDate_Constructors::testConstructor_Object_Chronology_crossChronology,0,New,7,446,0.948430493,0.617288717,23682,0.002242152,0
11,C_4_M_1,org.joda.time.TestDateTimeZoneCutover::test_LocalDate_toDateMidnight_Gaza,0,Modified,8,303,0.97359736,0.588341261,20552,0.00990099,0
11,C_4_M_2,org.joda.time.TestDateTimeZoneCutover::test_DateTime_new_Gaza,0,Modified,7,290,0.986206897,0.598719479,20439,0.010344828,0
11,C_4_M_3,org.joda.time.TestDateTimeZoneCutover::test_DateTime_parse_Gaza,0,Modified,7,347,0.991354467,0.580410194,21175,0.005763689,0
11,C_4_M_4,org.joda.time.TestDateTimeZoneCutover::test_LocalDate_toDateMidnight_Turk,0,Modified,8,304,0.973684211,0.587029861,20561,0.009868421,0
11,C_4_M_5,org.joda.time.TestDateTimeZoneCutover::test_DateTime_new_Turk,0,Modified,7,291,0.986254296,0.597345473,20447,0.010309278,0
11,C_4_M_6,org.joda.time.TestDateTimeZoneCutover::test_DateTime_parse_Turk,0,Modified,7,348,0.99137931,0.579195045,21193,0.005747126,0
11,C_5_M_1,org.joda.time.convert.TestStringConverter::testGetDurationMillis_Object1,0,Modified,19,253,0.968379447,0.52508693,20212,0.007905138,0
11,C_5_M_2,org.joda.time.convert.TestStringConverter::testGetDurationMillis_Object2,0,Modified,46,251,0.96812749,0.526224761,20204,0.007968127,0
11,C_6_M_1,org.joda.time.format.TestPeriodFormat::test_getDefault_checkRedundantSeparator,0,New,7,264,0.950757576,0.473380524,20264,0,0
11,C_6_M_2,org.joda.time.format.TestPeriodFormat::test_wordBased_da_cached,0,New,2,29,0.655172414,0.00234799,19722,0,0
11,C_6_M_3,org.joda.time.format.TestPeriodFormat::test_wordBased_ja_formatMultiple,0,New,3,267,0.962546816,0.471726829,20282,0,0
11,C_6_M_4,org.joda.time.format.TestPeriodFormat::test_wordBased_ja_formatSingular,0,New,3,267,0.962546816,0.471726829,20282,0,0
11,C_6_M_5,org.joda.time.format.TestPeriodFormat::test_wordBased_ja_cached,0,New,2,29,0.655172414,0.00234799,19722,0,0
11,C_6_M_6,org.joda.time.format.TestPeriodFormat::test_wordBased_ja_parseOneField,0,New,3,305,0.950819672,0.44231916,20570,0,0
11,C_6_M_7,org.joda.time.format.TestPeriodFormat::test_wordBased_ja_parseTwoFields,0,New,3,308,0.944805195,0.43950086,20597,0,0
11,C_6_M_8,org.joda.time.format.TestPeriodFormat::test_wordBased_ja_checkRedundantSeparator,0,New,7,262,0.958015267,0.475673946,20252,0,0
11,C_7_M_1,org.joda.time.tz.TestCompiler::testDateTimeZoneBuilder,1,New,10,263,0.912547529,0.470606488,20258,0.003802281,0
10,C_1_M_1,org.joda.time.TestDays::testFactory_daysBetween_RPartial_LocalDate,0,New,9,330,0.921212121,0.505514882,21200,0.006060606,0
10,C_1_M_2,org.joda.time.TestDays::testFactory_daysBetween_RPartial_YearMonth,0,New,9,304,0.924342105,0.495658009,20865,0.006578947,0
10,C_1_M_3,org.joda.time.TestDays::testFactory_daysBetween_RPartial_MonthDay,1,New,13,355,0.946478873,0.51812492,21674,0.005633803,0
10,C_2_M_1,org.joda.time.TestInterval_Basics::testIsEqual_RI,0,New,3,279,0.953405018,0.537903477,20633,0.014336918,0
10,C_3_M_1,org.joda.time.TestMonths::testFactory_monthsBetween_RPartial_LocalDate,0,New,9,329,0.920972644,0.505304799,21183,0.006079027,0
10,C_3_M_2,org.joda.time.TestMonths::testFactory_monthsBetween_RPartial_YearMonth,0,New,8,303,0.924092409,0.49534581,20855,0.00660066,0
10,C_3_M_3,org.joda.time.TestMonths::testFactory_monthsBetween_RPartial_MonthDay,1,New,11,354,0.946327684,0.518006,21655,0.005649718,0
10,C_4_M_1,org.joda.time.format.TestDateTimeFormatterBuilder::test_printParseShortNameWithAutoLookup,0,Modified,26,345,0.976811594,0.599843189,21484,0.014492754,0
9,C_1_M_1,org.joda.time.TestPeriod_Constructors::testConstructor_trickyDifferences_RI_RI_toFeb_standardYear,0,New,6,321,0.978193146,0.56165816,21775,0,0
9,C_1_M_2,org.joda.time.TestPeriod_Constructors::testConstructor_trickyDifferences_RI_RI_toFeb_leapYear,0,New,6,321,0.978193146,0.56165816,21775,0,0
9,C_1_M_3,org.joda.time.TestPeriod_Constructors::testConstructor_trickyDifferences_RI_RI_toFeb_exactMonths,0,New,6,321,0.978193146,0.56165816,21775,0,0
9,C_1_M_4,org.joda.time.TestPeriod_Constructors::testConstructor_trickyDifferences_RI_RI_toFeb_endOfMonth1,0,New,6,321,0.978193146,0.56165816,21775,0,0
9,C_1_M_5,org.joda.time.TestPeriod_Constructors::testConstructor_trickyDifferences_RI_RI_toFeb_endOfMonth2,0,New,6,321,0.978193146,0.56165816,21775,0,0
9,C_1_M_6,org.joda.time.TestPeriod_Constructors::testConstructor_trickyDifferences_RI_RI_toFeb_endOfMonth3,0,New,6,321,0.978193146,0.56165816,21775,0,0
9,C_1_M_7,org.joda.time.TestPeriod_Constructors::testConstructor_trickyDifferences_RI_RI_toMar_endOfMonth1,0,New,6,321,0.978193146,0.56165816,21775,0,0
9,C_1_M_8,org.joda.time.TestPeriod_Constructors::testConstructor_trickyDifferences_RI_RI_toMar_endOfMonth2,0,New,6,321,0.978193146,0.56165816,21775,0,0
9,C_1_M_9,org.joda.time.TestPeriod_Constructors::testConstructor_trickyDifferences_LD_LD_toFeb_standardYear,0,New,6,288,0.986111111,0.523117827,21420,0,0
9,C_1_M_10,org.joda.time.TestPeriod_Constructors::testConstructor_trickyDifferences_LD_LD_toFeb_leapYear,0,New,6,288,0.986111111,0.523117827,21420,0,0
9,C_1_M_11,org.joda.time.TestPeriod_Constructors::testConstructor_trickyDifferences_LD_LD_toFeb_exactMonths,0,New,6,288,0.986111111,0.523117827,21420,0,0
9,C_1_M_12,org.joda.time.TestPeriod_Constructors::testConstructor_trickyDifferences_LD_LD_toFeb_endOfMonth1,0,New,6,295,0.986440678,0.534654601,21484,0,0
9,C_1_M_13,org.joda.time.TestPeriod_Constructors::testConstructor_trickyDifferences_LD_LD_toFeb_endOfMonth2,0,New,6,295,0.986440678,0.534654601,21484,0,0
9,C_1_M_14,org.joda.time.TestPeriod_Constructors::testConstructor_trickyDifferences_LD_LD_toFeb_endOfMonth3,0,New,6,295,0.986440678,0.534654601,21484,0,0
9,C_1_M_15,org.joda.time.TestPeriod_Constructors::testConstructor_trickyDifferences_LD_LD_toMar_endOfMonth1,0,New,6,288,0.986111111,0.523117827,21420,0,0
9,C_1_M_16,org.joda.time.TestPeriod_Constructors::testConstructor_trickyDifferences_LD_LD_toMar_endOfMonth2,0,New,6,288,0.986111111,0.523117827,21420,0,0
9,C_2_M_1,org.joda.time.TestDateTimeZone::testForOffsetHoursMinutes_int_int,1,Modified,37,61,0.93442623,0.10505639,20754,0,0
9,C_2_M_2,org.joda.time.TestDateTimeZone::testForOffsetMillis_int,0,Modified,7,58,0.931034483,0.104742142,20748,0,0
8,C_1_M_1,org.joda.time.TestDateTimeZone::testForOffsetHoursMinutes_int_int,1,Modified,37,60,1,0.119787362,20813,0,1
7,C_1_M_1,org.joda.time.TestMutableDateTime_Basics::testToString_DTFormatter,0,Modified,4,331,0.975830816,0.626242744,22589,0,0
7,C_2_M_1,org.joda.time.TestSeconds::testFactory_secondsBetween_RPartial,0,Modified,9,299,0.909698997,0.452643633,22122,0,0
7,C_3_M_1,org.joda.time.TestDateTimeUtils::testClass,0,Modified,7,294,0.976190476,0.570713921,22062,0.003401361,0
7,C_4_M_1,org.joda.time.TestMinutes::testFactory_minutesBetween_RPartial,0,Modified,9,299,0.909698997,0.452643633,22122,0,0
7,C_5_M_1,org.joda.time.TestMutableDateTime_Basics::testToString_DTFormatter,0,Modified,4,331,0.975830816,0.626242744,22589,0,0
7,C_6_M_1,org.joda.time.TestHours::testFactory_hoursBetween_RPartial,0,Modified,9,299,0.909698997,0.452643633,22122,0,0
7,C_7_M_1,org.joda.time.format.TestDateTimeFormatter::testParseInto_monthDay_feb29_startOfYear,0,New,5,435,0.995402299,0.662946908,25482,0.004597701,0
7,C_7_M_2,org.joda.time.format.TestDateTimeFormatter::testParseInto_monthDay_feb29_OfYear,0,New,5,435,0.995402299,0.662946908,25482,0.004597701,0
7,C_7_M_3,org.joda.time.format.TestDateTimeFormatter::testParseInto_monthDay_feb29_newYork,0,New,5,427,0.995316159,0.666165658,25194,0.004683841,0
7,C_7_M_4,org.joda.time.format.TestDateTimeFormatter::testParseInto_monthDay_feb29_newYork_startOfYear,1,New,5,424,0.995283019,0.668449844,25086,0.004716981,0
7,C_7_M_5,org.joda.time.format.TestDateTimeFormatter::testParseInto_monthDay_feb29_newYork_endOfYear,0,New,5,427,0.995316159,0.666165658,25194,0.004683841,0
7,C_7_M_6,org.joda.time.format.TestDateTimeFormatter::testParseInto_monthDay_feb29_tokyo,0,New,5,428,0.995327103,0.665274478,25230,0.004672897,0
7,C_7_M_7,org.joda.time.format.TestDateTimeFormatter::testParseInto_monthDay_feb29_tokyo_startOfYear,0,New,5,428,0.995327103,0.665274478,25230,0.004672897,0
7,C_7_M_8,org.joda.time.format.TestDateTimeFormatter::testParseInto_monthDay_feb29_tokyo_endOfYear,1,New,5,425,0.995294118,0.667538882,25122,0.004705882,0
7,C_7_M_9,org.joda.time.format.TestDateTimeFormatter::testParseInto_monthDay_withDefaultYear_feb29_newYork,0,New,5,426,0.995305164,0.666760721,25158,0.004694836,0
7,C_7_M_10,org.joda.time.format.TestDateTimeFormatter::testParseInto_monthDay_withDefaultYear_feb29_newYork_endOfYear,0,New,5,426,0.995305164,0.666760721,25158,0.004694836,0
6,C_1_M_1,org.joda.time.TestLocalDateTime_Basics::testToDate_summer_Zone,0,New,14,411,0.934306569,0.590610406,25467,0.00486618,0
6,C_1_M_2,org.joda.time.TestLocalDateTime_Basics::testToDate_winter_Zone,0,New,14,411,0.934306569,0.590610406,25467,0.00486618,0
6,C_1_M_3,org.joda.time.TestLocalDateTime_Basics::testToDate_springDST_Zone,0,New,12,394,0.956852792,0.609341509,24911,0.005076142,0
6,C_1_M_4,org.joda.time.TestLocalDateTime_Basics::testToDate_springDST_2Hour40Savings_Zone,0,New,12,394,0.956852792,0.609341509,24911,0.005076142,0
6,C_1_M_5,org.joda.time.TestLocalDateTime_Basics::testToDate_autumnDST_Zone,0,New,12,395,0.956962025,0.60830495,24943,0.005063291,0
6,C_2_M_1,org.joda.time.chrono.TestGJDate::test_plusYears_positiveToPositive,0,New,4,287,0.972125436,0.529772694,22834,0,0
6,C_2_M_2,org.joda.time.chrono.TestGJDate::test_plusYears_positiveToZero,0,New,4,287,0.972125436,0.529772694,22834,0,0
6,C_2_M_3,org.joda.time.chrono.TestGJDate::test_plusYears_positiveToNegative,0,New,4,287,0.972125436,0.529772694,22834,0,0
6,C_2_M_4,org.joda.time.chrono.TestGJDate::test_plusYears_negativeToNegative,0,New,4,287,0.972125436,0.529772694,22834,0,0
6,C_2_M_5,org.joda.time.chrono.TestGJDate::test_plusYears_negativeToZero,0,New,4,287,0.972125436,0.529772694,22834,0,0
6,C_2_M_6,org.joda.time.chrono.TestGJDate::test_plusYears_negativeToPositive,0,New,4,287,0.972125436,0.529772694,22834,0,0
6,C_2_M_7,org.joda.time.chrono.TestGJDate::test_plusYears_positiveToPositive_crossCutover,0,New,4,287,0.972125436,0.529772694,22834,0,0
6,C_2_M_8,org.joda.time.chrono.TestGJDate::test_plusYears_positiveToZero_crossCutover,1,New,4,285,0.978947368,0.534316812,22812,0,0
6,C_2_M_9,org.joda.time.chrono.TestGJDate::test_plusYears_positiveToNegative_crossCutover,1,New,4,337,0.970326409,0.553872866,23564,0.011869436,0
6,C_2_M_10,org.joda.time.chrono.TestGJDate::test_plusYears_negativeToPositive_crossCutover,0,New,4,287,0.972125436,0.529772694,22834,0,0
6,C_2_M_11,org.joda.time.chrono.TestGJDate::test_plusWeekyears_positiveToZero_crossCutover,1,New,4,297,0.949494949,0.518510659,22947,0,0
6,C_2_M_12,org.joda.time.chrono.TestGJDate::test_plusWeekyears_positiveToNegative_crossCutover,1,New,4,349,0.948424069,0.545067283,23816,0.011461318,0
6,C_2_M_13,org.joda.time.chrono.TestGJDate::test_cutoverPreZero,1,New,7,296,0.976351351,0.550119831,22935,0,0
5,C_1_M_1,org.joda.time.TestPeriod_Basics::testNormalizedStandard_periodType_months1,1,New,5,257,0.949416342,0.482345346,24127,0.023346304,0
5,C_1_M_2,org.joda.time.TestPeriod_Basics::testNormalizedStandard_periodType_months2,1,New,5,257,0.949416342,0.482345346,24127,0.023346304,0
5,C_1_M_3,org.joda.time.TestPeriod_Basics::testNormalizedStandard_periodType_months3,0,New,5,263,0.946768061,0.476002905,24169,0.022813688,0
5,C_1_M_4,org.joda.time.TestPeriod_Basics::testNormalizedStandard_periodType_years,0,New,7,260,0.942307692,0.478889482,24147,0.023076923,0
5,C_1_M_5,org.joda.time.TestPeriod_Basics::testNormalizedStandard_periodType_monthsWeeks,1,New,6,289,0.882352941,0.450967299,24424,0.020761246,0
5,C_2_M_1,org.joda.time.TestDuration_Basics::testMultipliedBy_long1,0,New,4,41,0.926829268,0.087686974,23248,0.12195122,0
5,C_2_M_2,org.joda.time.TestDuration_Basics::testMultipliedBy_long2,0,New,4,39,0.948717949,0.088666082,23244,0.128205128,0
5,C_2_M_3,org.joda.time.TestDuration_Basics::testDividedBy_long1,0,New,4,41,0.926829268,0.087686974,23248,0.146341463,0
5,C_2_M_4,org.joda.time.TestDuration_Basics::testDividedBy_long2,0,New,4,39,0.948717949,0.088666082,23244,0.128205128,0
5,C_2_M_5,org.joda.time.TestDuration_Basics::testNegated_long1,0,New,4,40,0.95,0.088203139,23246,0.125,0
5,C_2_M_6,org.joda.time.TestDuration_Basics::testNegated_long2,0,New,4,40,0.95,0.088203139,23246,0.125,0
5,C_2_M_7,org.joda.time.TestDuration_Basics::testNegated_long3,0,New,7,40,0.95,0.088203139,23246,0.125,0
5,C_3_M_1,org.joda.time.TestDateTimeZone::testProvider,0,Modified,45,37,0.837837838,0.088965121,23240,0.054054054,0
5,C_3_M_2,org.joda.time.TestDateTimeZone::testProvider_badClassName,0,New,10,33,0.909090909,0.091769764,23232,0.060606061,0
5,C_3_M_3,org.joda.time.TestDateTimeZone::testNameProvider,0,Modified,23,41,0.853658537,0.090539398,23248,0.048780488,0
5,C_3_M_4,org.joda.time.TestDateTimeZone::testNameProvider_badClassName,0,New,10,32,0.9375,0.092550228,23231,0.0625,0
5,C_4_M_1,org.joda.time.field.TestFieldUtils::testSafeDivideLongLong,0,New,30,4,0.5,0.005128205,23203,0.25,0
3,C_1_M_1,org.joda.time.TestMutableDateTime_Adds::testAdd_DurationFieldType_int_dstOverlapSummer_addZero,0,New,5,348,0.982758621,0.59120502,26990,0,0
3,C_1_M_2,org.joda.time.TestMutableDateTime_Adds::testAdd_DurationFieldType_int_dstOverlapWinter_addZero,1,New,6,349,0.979942693,0.589854292,27018,0,0
3,C_1_M_3,org.joda.time.TestMutableDateTime_Adds::testAddYears_int_dstOverlapSummer_addZero,0,New,5,348,0.982758621,0.59120502,26990,0,0
3,C_1_M_4,org.joda.time.TestMutableDateTime_Adds::testAddYears_int_dstOverlapWinter_addZero,1,New,6,349,0.979942693,0.589854292,27018,0,0
3,C_1_M_5,org.joda.time.TestMutableDateTime_Adds::testAddMonths_int_dstOverlapSummer_addZero,0,New,5,348,0.982758621,0.59120502,26990,0,0
3,C_1_M_6,org.joda.time.TestMutableDateTime_Adds::testAddMonths_int_dstOverlapWinter_addZero,1,New,6,349,0.979942693,0.589854292,27018,0,0
3,C_1_M_7,org.joda.time.TestMutableDateTime_Adds::testAddDays_int_dstOverlapSummer_addZero,0,New,5,348,0.982758621,0.59120502,26990,0,0
3,C_1_M_8,org.joda.time.TestMutableDateTime_Adds::testAddDays_int_dstOverlapWinter_addZero,1,New,6,349,0.979942693,0.589854292,27018,0,0
3,C_1_M_9,org.joda.time.TestMutableDateTime_Adds::testAddWeeks_int_dstOverlapSummer_addZero,0,New,5,348,0.982758621,0.59120502,26990,0,0
3,C_1_M_10,org.joda.time.TestMutableDateTime_Adds::testAddWeeks_int_dstOverlapWinter_addZero,1,New,6,349,0.979942693,0.589854292,27018,0,0
3,C_1_M_11,org.joda.time.TestMutableDateTime_Adds::testAddHours_int_dstOverlapSummer_addZero,0,New,5,348,0.982758621,0.59120502,26990,0,0
3,C_1_M_12,org.joda.time.TestMutableDateTime_Adds::testAddHours_int_dstOverlapWinter_addZero,0,New,6,348,0.982758621,0.59120502,26990,0,0
3,C_1_M_13,org.joda.time.TestMutableDateTime_Adds::testAddMinutes_int_dstOverlapSummer_addZero,0,New,5,348,0.982758621,0.59120502,26990,0,0
3,C_1_M_14,org.joda.time.TestMutableDateTime_Adds::testAddMinutes_int_dstOverlapWinter_addZero,0,New,6,349,0.979942693,0.589854292,27018,0,0
3,C_1_M_15,org.joda.time.TestMutableDateTime_Adds::testAddSeconds_int_dstOverlapSummer_addZero,0,New,5,348,0.982758621,0.59120502,26990,0,0
3,C_1_M_16,org.joda.time.TestMutableDateTime_Adds::testAddSeconds_int_dstOverlapWinter_addZero,0,New,6,349,0.979942693,0.589854292,27018,0,0
3,C_1_M_17,org.joda.time.TestMutableDateTime_Adds::testAddMillis_int_dstOverlapSummer_addZero,0,New,5,348,0.982758621,0.59120502,26990,0,0
3,C_1_M_18,org.joda.time.TestMutableDateTime_Adds::testAddMillis_int_dstOverlapWinter_addZero,0,New,6,349,0.979942693,0.589854292,27018,0,0
3,C_2_M_1,org.joda.time.TestMutableDateTime_Sets::testSetMonthOfYear_int_dstOverlapSummer_addZero,0,New,5,350,0.982857143,0.591466725,27047,0,0
3,C_2_M_2,org.joda.time.TestMutableDateTime_Sets::testSetMonthOfYear_int_dstOverlapWinter_addZero,0,New,6,351,0.98005698,0.590119777,27076,0,0
3,C_2_M_3,org.joda.time.TestMutableDateTime_Sets::testSetDayOfMonth_int_dstOverlapSummer_addZero,0,New,5,351,0.982905983,0.591017131,27076,0,0
3,C_2_M_4,org.joda.time.TestMutableDateTime_Sets::testSetDayOfMonth_int_dstOverlapWinter_addZero,0,New,6,352,0.980113636,0.589673741,27105,0,0
3,C_2_M_5,org.joda.time.TestMutableDateTime_Sets::testSetDayOfYear_int_dstOverlapSummer_addZero,0,New,5,355,0.969014085,0.58479352,27193,0,0
3,C_2_M_6,org.joda.time.TestMutableDateTime_Sets::testSetDayOfYear_int_dstOverlapWinter_addZero,0,New,6,356,0.966292135,0.583477126,27224,0,0
2,C_2_M_1,org.joda.time.TestPartial_Basics::testWith_baseHasNoRange,0,New,6,406,0.992610837,0.596067787,30983,0,0
2,C_2_M_2,org.joda.time.TestPartial_Basics::testWith_argHasNoRange,0,New,6,406,0.992610837,0.596067787,30983,0,0
2,C_2_M_3,org.joda.time.TestPartial_Basics::testWith_baseAndArgHaveNoRange,1,New,6,407,0.99017199,0.594450584,31028,0,0
1,C_1_M_1,org.joda.time.TestPartial_Constructors::testConstructorEx7_TypeArray_intArray,1,Modified,44,254,0.964566929,0.508010689,27474,0,0
