Project,Version,Failing_Tests
Chart,1,org.jfree.chart.renderer.category.junit.AbstractCategoryItemRendererTests::test2947660
Chart,2,org.jfree.data.general.junit.DatasetUtilitiesTests::testBug2849731_2
Chart,2,org.jfree.data.general.junit.DatasetUtilitiesTests::testBug2849731_3
Chart,3,org.jfree.data.time.junit.TimeSeriesTests::testCreateCopy3
Chart,4,org.jfree.chart.axis.junit.LogAxisTests::testXYAutoRange1
Chart,4,org.jfree.chart.axis.junit.LogAxisTests::testXYAutoRange2
Chart,4,org.jfree.chart.axis.junit.NumberAxisTests::testXYAutoRange1
Chart,4,org.jfree.chart.axis.junit.NumberAxisTests::testXYAutoRange2
Chart,4,org.jfree.chart.axis.junit.ValueAxisTests::testAxisMargins
Chart,4,org.jfree.chart.junit.JFreeChartTests::testSerialization4
Chart,4,org.jfree.chart.junit.ScatterPlotTests::testDrawWithNullInfo
Chart,4,org.jfree.chart.junit.ScatterPlotTests::testReplaceDataset
Chart,4,org.jfree.chart.junit.ScatterPlotTests::testSetSeriesToolTipGenerator
Chart,4,org.jfree.chart.junit.TimeSeriesChartTests::testDrawWithNullInfo
Chart,4,org.jfree.chart.junit.TimeSeriesChartTests::testReplaceDataset
Chart,4,org.jfree.chart.junit.TimeSeriesChartTests::testSetSeriesToolTipGenerator
Chart,4,org.jfree.chart.junit.XYAreaChartTests::testDrawWithNullInfo
Chart,4,org.jfree.chart.junit.XYAreaChartTests::testReplaceDataset
Chart,4,org.jfree.chart.junit.XYAreaChartTests::testSetSeriesToolTipGenerator
Chart,4,org.jfree.chart.junit.XYStepAreaChartTests::testDrawWithNullInfo
Chart,4,org.jfree.chart.junit.XYStepAreaChartTests::testReplaceDataset
Chart,4,org.jfree.chart.junit.XYStepAreaChartTests::testSetSeriesToolTipGenerator
Chart,4,org.jfree.chart.junit.XYStepChartTests::testDrawWithNullInfo
Chart,4,org.jfree.chart.junit.XYStepChartTests::testReplaceDataset
Chart,4,org.jfree.chart.junit.XYStepChartTests::testSetSeriesToolTipGenerator
Chart,4,org.jfree.chart.plot.junit.XYPlotTests::testDrawRangeGridlines
Chart,5,org.jfree.data.xy.junit.XYSeriesTests::testBug1955483
Chart,6,org.jfree.chart.util.junit.ShapeListTests::testEquals
Chart,6,org.jfree.chart.util.junit.ShapeListTests::testSerialization
Chart,7,org.jfree.data.time.junit.TimePeriodValuesTests::testGetMaxMiddleIndex
Chart,8,org.jfree.data.time.junit.WeekTests::testConstructor
Chart,9,org.jfree.data.time.junit.TimeSeriesTests::testBug1864222
Chart,10,org.jfree.chart.imagemap.junit.StandardToolTipTagFragmentGeneratorTests::testGenerateURLFragment
Chart,11,org.jfree.chart.util.junit.ShapeUtilitiesTests::testEqualGeneralPaths
Chart,12,org.jfree.chart.plot.junit.MultiplePiePlotTests::testConstructor
Chart,13,org.jfree.chart.block.junit.BorderArrangementTests::testSizingWithWidthConstraint
Chart,14,org.jfree.chart.plot.junit.CategoryPlotTests::testRemoveDomainMarker
Chart,14,org.jfree.chart.plot.junit.CategoryPlotTests::testRemoveRangeMarker
Chart,14,org.jfree.chart.plot.junit.XYPlotTests::testRemoveDomainMarker
Chart,14,org.jfree.chart.plot.junit.XYPlotTests::testRemoveRangeMarker
Chart,15,org.jfree.chart.plot.junit.PiePlot3DTests::testDrawWithNullDataset
Chart,16,org.jfree.data.category.junit.DefaultIntervalCategoryDatasetTests::testCloning2
Chart,16,org.jfree.data.category.junit.DefaultIntervalCategoryDatasetTests::testGetCategoryIndex
Chart,16,org.jfree.data.category.junit.DefaultIntervalCategoryDatasetTests::testGetColumnCount
Chart,16,org.jfree.data.category.junit.DefaultIntervalCategoryDatasetTests::testGetColumnIndex
Chart,16,org.jfree.data.category.junit.DefaultIntervalCategoryDatasetTests::testGetRowCount
Chart,16,org.jfree.data.category.junit.DefaultIntervalCategoryDatasetTests::testGetRowIndex
Chart,16,org.jfree.data.category.junit.DefaultIntervalCategoryDatasetTests::testGetSeriesIndex
Chart,16,org.jfree.data.category.junit.DefaultIntervalCategoryDatasetTests::testSetCategoryKeys
Chart,17,org.jfree.data.time.junit.TimeSeriesTests::testBug1832432
Chart,18,org.jfree.data.category.junit.DefaultCategoryDatasetTests::testBug1835955
Chart,18,org.jfree.data.junit.DefaultKeyedValues2DTests::testRemoveColumnByKey
Chart,18,org.jfree.data.junit.DefaultKeyedValuesTests::testGetIndex2
Chart,18,org.jfree.data.junit.DefaultKeyedValuesTests::testRemoveValue
Chart,19,org.jfree.chart.plot.junit.CategoryPlotTests::testGetDomainAxisIndex
Chart,19,org.jfree.chart.plot.junit.CategoryPlotTests::testGetRangeAxisIndex
Chart,20,org.jfree.chart.plot.junit.ValueMarkerTests::test1808376
Chart,21,org.jfree.data.statistics.junit.DefaultBoxAndWhiskerCategoryDatasetTests::testGetRangeBounds
Chart,22,org.jfree.data.junit.KeyedObjects2DTests::testGetValueByKey
Chart,22,org.jfree.data.junit.KeyedObjects2DTests::testRemoveColumnByIndex
Chart,22,org.jfree.data.junit.KeyedObjects2DTests::testRemoveColumnByKey
Chart,22,org.jfree.data.junit.KeyedObjects2DTests::testRemoveRowByKey
Chart,22,org.jfree.data.junit.KeyedObjects2DTests::testRemoveValue
Chart,22,org.jfree.data.junit.KeyedObjects2DTests::testSetObject
Chart,23,org.jfree.chart.renderer.category.junit.MinMaxCategoryRendererTests::testEquals
Chart,24,org.jfree.chart.renderer.junit.GrayPaintScaleTests::testGetPaint
Chart,25,org.jfree.chart.renderer.category.junit.StatisticalBarRendererTests::testDrawWithNullDeviationHorizontal
Chart,25,org.jfree.chart.renderer.category.junit.StatisticalBarRendererTests::testDrawWithNullDeviationVertical
Chart,25,org.jfree.chart.renderer.category.junit.StatisticalBarRendererTests::testDrawWithNullMeanHorizontal
Chart,25,org.jfree.chart.renderer.category.junit.StatisticalBarRendererTests::testDrawWithNullMeanVertical
Chart,26,org.jfree.chart.junit.AreaChartTests::testDrawWithNullInfo
Chart,26,org.jfree.chart.junit.BarChart3DTests::testDrawWithNullInfo
Chart,26,org.jfree.chart.junit.BarChartTests::testDrawWithNullInfo
Chart,26,org.jfree.chart.junit.GanttChartTests::testDrawWithNullInfo
Chart,26,org.jfree.chart.junit.GanttChartTests::testDrawWithNullInfo2
Chart,26,org.jfree.chart.junit.LineChart3DTests::testDrawWithNullInfo
Chart,26,org.jfree.chart.junit.LineChartTests::testDrawWithNullInfo
Chart,26,org.jfree.chart.junit.StackedAreaChartTests::testDrawWithNullInfo
Chart,26,org.jfree.chart.junit.StackedBarChart3DTests::testDrawWithNullInfo
Chart,26,org.jfree.chart.junit.StackedBarChartTests::testDrawWithNullInfo
Chart,26,org.jfree.chart.junit.WaterfallChartTests::testDrawWithNullInfo
Chart,26,org.jfree.chart.plot.junit.CategoryPlotTests::test1654215
Chart,26,org.jfree.chart.plot.junit.CategoryPlotTests::testSerialization3
Chart,26,org.jfree.chart.plot.junit.CategoryPlotTests::testSerialization4
Chart,26,org.jfree.chart.renderer.category.junit.BoxAndWhiskerRendererTests::testDrawWithNullInfo
Chart,26,org.jfree.chart.renderer.category.junit.GroupedStackedBarRendererTests::testDrawWithNullInfo
Chart,26,org.jfree.chart.renderer.category.junit.IntervalBarRendererTests::testDrawWithNullInfo
Chart,26,org.jfree.chart.renderer.category.junit.LayeredBarRendererTests::testDrawWithNullInfo
Chart,26,org.jfree.chart.renderer.category.junit.LevelRendererTests::testDrawWithNullInfo
Chart,26,org.jfree.chart.renderer.category.junit.MinMaxCategoryRendererTests::testDrawWithNullInfo
Chart,26,org.jfree.chart.renderer.category.junit.StatisticalBarRendererTests::testDrawWithNullInfo
Chart,26,org.jfree.chart.renderer.category.junit.StatisticalLineAndShapeRendererTests::testDrawWithNullInfo
Closure,1,com.google.javascript.jscomp.CommandLineRunnerTest::testDebugFlag1
Closure,1,com.google.javascript.jscomp.CommandLineRunnerTest::testForwardDeclareDroppedTypes
Closure,1,com.google.javascript.jscomp.CommandLineRunnerTest::testSimpleModeLeavesUnusedParams
Closure,1,com.google.javascript.jscomp.IntegrationTest::testIssue787
Closure,1,com.google.javascript.jscomp.RemoveUnusedVarsTest::testIssue168b
Closure,1,com.google.javascript.jscomp.RemoveUnusedVarsTest::testRemoveGlobal1
Closure,1,com.google.javascript.jscomp.RemoveUnusedVarsTest::testRemoveGlobal2
Closure,1,com.google.javascript.jscomp.RemoveUnusedVarsTest::testRemoveGlobal3
Closure,2,com.google.javascript.jscomp.TypeCheckTest::testBadInterfaceExtendsNonExistentInterfaces
Closure,3,com.google.javascript.jscomp.FlowSensitiveInlineVariablesTest::testDoNotInlineCatchExpression1
Closure,3,com.google.javascript.jscomp.FlowSensitiveInlineVariablesTest::testDoNotInlineCatchExpression1a
Closure,3,com.google.javascript.jscomp.FlowSensitiveInlineVariablesTest::testDoNotInlineCatchExpression3
Closure,4,com.google.javascript.jscomp.TypeCheckTest::testConversionFromInterfaceToRecursiveConstructor
Closure,4,com.google.javascript.jscomp.TypeCheckTest::testImplementsExtendsLoop
Closure,4,com.google.javascript.jscomp.TypeCheckTest::testImplementsLoop
Closure,5,com.google.javascript.jscomp.InlineObjectLiteralsTest::testNoInlineDeletedProperties
Closure,6,com.google.javascript.jscomp.LooseTypeCheckTest::testTypeRedefinition
Closure,6,com.google.javascript.jscomp.TypeCheckTest::testIssue635b
Closure,6,com.google.javascript.jscomp.TypeCheckTest::testTypeRedefinition
Closure,7,com.google.javascript.jscomp.ClosureReverseAbstractInterpreterTest::testGoogIsFunction2
Closure,7,com.google.javascript.jscomp.SemanticReverseAbstractInterpreterTest::testTypeof3
Closure,8,com.google.javascript.jscomp.CollapseVariableDeclarationsTest::testIssue820
Closure,9,com.google.javascript.jscomp.ProcessCommonJSModulesTest::testGuessModuleName
Closure,10,com.google.javascript.jscomp.PeepholeFoldConstantsTest::testIssue821
Closure,11,com.google.javascript.jscomp.TypeCheckTest::testGetprop4
Closure,11,com.google.javascript.jscomp.TypeCheckTest::testIssue810
Closure,12,com.google.javascript.jscomp.FlowSensitiveInlineVariablesTest::testIssue794b
Closure,13,com.google.javascript.jscomp.IntegrationTest::testIssue787
Closure,14,com.google.javascript.jscomp.CheckMissingReturnTest::testIssue779
Closure,14,com.google.javascript.jscomp.ControlFlowAnalysisTest::testDeepNestedBreakwithFinally
Closure,14,com.google.javascript.jscomp.ControlFlowAnalysisTest::testDeepNestedFinally
Closure,15,com.google.javascript.jscomp.FlowSensitiveInlineVariablesTest::testSimpleForIn
Closure,16,com.google.javascript.jscomp.IntegrationTest::testIssue772
Closure,16,com.google.javascript.jscomp.ScopedAliasesTest::testIssue772
Closure,17,com.google.javascript.jscomp.TypeCheckTest::testIssue688
Closure,18,com.google.javascript.jscomp.IntegrationTest::testDependencySorting
Closure,19,com.google.javascript.jscomp.TypeInferenceTest::testNoThisInference
Closure,20,com.google.javascript.jscomp.PeepholeSubstituteAlternateSyntaxTest::testSimpleFunctionCall
Closure,21,com.google.javascript.jscomp.CheckSideEffectsTest::testUselessCode
Closure,22,com.google.javascript.jscomp.CheckSideEffectsTest::testUselessCode
Closure,23,com.google.javascript.jscomp.PeepholeFoldConstantsTest::testFoldGetElem
Closure,24,com.google.javascript.jscomp.ScopedAliasesTest::testNonAliasLocal
Closure,25,com.google.javascript.jscomp.TypeInferenceTest::testBackwardsInferenceNew
Closure,26,com.google.javascript.jscomp.CommandLineRunnerTest::testProcessCJS
Closure,26,com.google.javascript.jscomp.CommandLineRunnerTest::testTransformAMDAndProcessCJS
Closure,26,com.google.javascript.jscomp.ProcessCommonJSModulesTest::testDash
Closure,26,com.google.javascript.jscomp.ProcessCommonJSModulesTest::testExports
Closure,26,com.google.javascript.jscomp.ProcessCommonJSModulesTest::testModuleName
Closure,26,com.google.javascript.jscomp.ProcessCommonJSModulesTest::testVarRenaming
Closure,26,com.google.javascript.jscomp.ProcessCommonJSModulesTest::testWithoutExports
Closure,27,com.google.javascript.rhino.IRTest::testIssue727_1
Closure,27,com.google.javascript.rhino.IRTest::testIssue727_2
Closure,27,com.google.javascript.rhino.IRTest::testIssue727_3
Closure,28,com.google.javascript.jscomp.InlineCostEstimatorTest::testCost
Closure,28,com.google.javascript.jscomp.InlineFunctionsTest::testIssue728
Closure,29,com.google.javascript.jscomp.InlineObjectLiteralsTest::testIssue724
Closure,29,com.google.javascript.jscomp.InlineObjectLiteralsTest::testObject10
Closure,29,com.google.javascript.jscomp.InlineObjectLiteralsTest::testObject12
Closure,29,com.google.javascript.jscomp.InlineObjectLiteralsTest::testObject22
Closure,29,com.google.javascript.jscomp.IntegrationTest::testIssue724
Closure,30,com.google.javascript.jscomp.FlowSensitiveInlineVariablesTest::testCanInlineAcrossNoSideEffect
Closure,30,com.google.javascript.jscomp.FlowSensitiveInlineVariablesTest::testInlineAcrossSideEffect1
Closure,30,com.google.javascript.jscomp.FlowSensitiveInlineVariablesTest::testIssue698
Closure,31,com.google.javascript.jscomp.CommandLineRunnerTest::testDependencySortingWhitespaceMode
Closure,32,com.google.javascript.jscomp.IntegrationTest::testIssue701
Closure,32,com.google.javascript.jscomp.parsing.JsDocInfoParserTest::testParseLicense
Closure,32,com.google.javascript.jscomp.parsing.JsDocInfoParserTest::testParseLicenseAscii
Closure,32,com.google.javascript.jscomp.parsing.JsDocInfoParserTest::testParsePreserve
Closure,33,com.google.javascript.jscomp.TypeCheckTest::testIssue700
Closure,34,com.google.javascript.jscomp.CodePrinterTest::testManyAdds
Closure,35,com.google.javascript.jscomp.TypeCheckTest::testIssue669
Closure,36,com.google.javascript.jscomp.IntegrationTest::testSingletonGetter1
Closure,37,com.google.javascript.jscomp.IntegrationTest::testIncompleteFunction
Closure,38,com.google.javascript.jscomp.CodePrinterTest::testMinusNegativeZero
Closure,39,com.google.javascript.rhino.jstype.RecordTypeTest::testLongToString
Closure,39,com.google.javascript.rhino.jstype.RecordTypeTest::testRecursiveRecord
Closure,40,com.google.javascript.jscomp.IntegrationTest::testIssue284
Closure,40,com.google.javascript.jscomp.NameAnalyzerTest::testIssue284
Closure,41,com.google.javascript.jscomp.LooseTypeCheckTest::testMethodInference6
Closure,41,com.google.javascript.jscomp.TypeCheckTest::testIssue368
Closure,41,com.google.javascript.jscomp.TypeCheckTest::testMethodInference6
Closure,42,com.google.javascript.jscomp.parsing.ParserTest::testForEach
Closure,43,com.google.javascript.jscomp.TypeCheckTest::testLends10
Closure,43,com.google.javascript.jscomp.TypeCheckTest::testLends11
Closure,44,com.google.javascript.jscomp.CodePrinterTest::testIssue620
Closure,45,com.google.javascript.jscomp.RemoveUnusedVarsTest::testIssue618_1
Closure,46,com.google.javascript.rhino.jstype.JSTypeTest::testRecordTypeLeastSuperType2
Closure,46,com.google.javascript.rhino.jstype.JSTypeTest::testRecordTypeLeastSuperType3
Closure,46,com.google.javascript.rhino.jstype.RecordTypeTest::testSupAndInf
Closure,47,com.google.debugging.sourcemap.SourceMapGeneratorV3Test::testBasicMapping1
Closure,47,com.google.debugging.sourcemap.SourceMapGeneratorV3Test::testBasicMapping2
Closure,47,com.google.debugging.sourcemap.SourceMapGeneratorV3Test::testBasicMappingGoldenOutput
Closure,47,com.google.debugging.sourcemap.SourceMapGeneratorV3Test::testGoldenOutput0a
Closure,47,com.google.debugging.sourcemap.SourceMapGeneratorV3Test::testGoldenOutput1
Closure,47,com.google.debugging.sourcemap.SourceMapGeneratorV3Test::testGoldenOutput2
Closure,47,com.google.debugging.sourcemap.SourceMapGeneratorV3Test::testGoldenOutput3
Closure,47,com.google.debugging.sourcemap.SourceMapGeneratorV3Test::testGoldenOutput4
Closure,47,com.google.debugging.sourcemap.SourceMapGeneratorV3Test::testGoldenOutput5
Closure,47,com.google.debugging.sourcemap.SourceMapGeneratorV3Test::testLiteralMappings
Closure,47,com.google.debugging.sourcemap.SourceMapGeneratorV3Test::testLiteralMappingsGoldenOutput
Closure,47,com.google.debugging.sourcemap.SourceMapGeneratorV3Test::testMultiFunctionMapping
Closure,47,com.google.debugging.sourcemap.SourceMapGeneratorV3Test::testMultilineMapping
Closure,47,com.google.debugging.sourcemap.SourceMapGeneratorV3Test::testMultilineMapping2
Closure,47,com.google.debugging.sourcemap.SourceMapGeneratorV3Test::testParseSourceMetaMap
Closure,47,com.google.debugging.sourcemap.SourceMapGeneratorV3Test::testSourceMapMerging
Closure,48,com.google.javascript.jscomp.TypeCheckTest::testIssue586
Closure,49,com.google.javascript.jscomp.FunctionInjectorTest::testBug1897706
Closure,49,com.google.javascript.jscomp.FunctionInjectorTest::testInline13
Closure,49,com.google.javascript.jscomp.FunctionInjectorTest::testInline14
Closure,49,com.google.javascript.jscomp.FunctionInjectorTest::testInline15
Closure,49,com.google.javascript.jscomp.FunctionInjectorTest::testInline16
Closure,49,com.google.javascript.jscomp.FunctionInjectorTest::testInline17
Closure,49,com.google.javascript.jscomp.FunctionInjectorTest::testInline18
Closure,49,com.google.javascript.jscomp.FunctionInjectorTest::testInline19
Closure,49,com.google.javascript.jscomp.FunctionInjectorTest::testInline19b
Closure,49,com.google.javascript.jscomp.FunctionInjectorTest::testInlineFunctionWithInnerFunction5
Closure,49,com.google.javascript.jscomp.FunctionInjectorTest::testInlineIntoLoop
Closure,49,com.google.javascript.jscomp.FunctionToBlockMutatorTest::testMutate8
Closure,49,com.google.javascript.jscomp.FunctionToBlockMutatorTest::testMutateCallInLoopVars1
Closure,49,com.google.javascript.jscomp.FunctionToBlockMutatorTest::testMutateFunctionDefinition
Closure,49,com.google.javascript.jscomp.FunctionToBlockMutatorTest::testMutateInitializeUninitializedVars1
Closure,49,com.google.javascript.jscomp.FunctionToBlockMutatorTest::testMutateInitializeUninitializedVars2
Closure,49,com.google.javascript.jscomp.FunctionToBlockMutatorTest::testMutateWithParameters3
Closure,49,com.google.javascript.jscomp.InlineFunctionsTest::testAnonymous1
Closure,49,com.google.javascript.jscomp.InlineFunctionsTest::testAnonymous3
Closure,49,com.google.javascript.jscomp.InlineFunctionsTest::testBug4944818
Closure,49,com.google.javascript.jscomp.InlineFunctionsTest::testComplexFunctionWithFunctionDefinition2
Closure,49,com.google.javascript.jscomp.InlineFunctionsTest::testComplexFunctionWithFunctionDefinition2a
Closure,49,com.google.javascript.jscomp.InlineFunctionsTest::testComplexFunctionWithFunctionDefinition3
Closure,49,com.google.javascript.jscomp.InlineFunctionsTest::testComplexInline7
Closure,49,com.google.javascript.jscomp.InlineFunctionsTest::testComplexInlineNoResultNoParamCall3
Closure,49,com.google.javascript.jscomp.InlineFunctionsTest::testComplexInlineVars7
Closure,49,com.google.javascript.jscomp.InlineFunctionsTest::testComplexSample
Closure,49,com.google.javascript.jscomp.InlineFunctionsTest::testCostBasedInlining11
Closure,49,com.google.javascript.jscomp.InlineFunctionsTest::testCostBasedInlining9
Closure,49,com.google.javascript.jscomp.InlineFunctionsTest::testDecomposeFunctionExpressionInCall
Closure,49,com.google.javascript.jscomp.InlineFunctionsTest::testFunctionExpressionCallInlining11b
Closure,49,com.google.javascript.jscomp.InlineFunctionsTest::testFunctionExpressionOmega
Closure,49,com.google.javascript.jscomp.InlineFunctionsTest::testFunctionExpressionYCombinator
Closure,49,com.google.javascript.jscomp.InlineFunctionsTest::testInlineBlockMutableArgs1
Closure,49,com.google.javascript.jscomp.InlineFunctionsTest::testInlineBlockMutableArgs2
Closure,49,com.google.javascript.jscomp.InlineFunctionsTest::testInlineBlockMutableArgs3
Closure,49,com.google.javascript.jscomp.InlineFunctionsTest::testInlineBlockMutableArgs4
Closure,49,com.google.javascript.jscomp.InlineFunctionsTest::testInlineFunctions10
Closure,49,com.google.javascript.jscomp.InlineFunctionsTest::testInlineFunctions13
Closure,49,com.google.javascript.jscomp.InlineFunctionsTest::testInlineFunctions15b
Closure,49,com.google.javascript.jscomp.InlineFunctionsTest::testInlineFunctions15d
Closure,49,com.google.javascript.jscomp.InlineFunctionsTest::testInlineFunctions16a
Closure,49,com.google.javascript.jscomp.InlineFunctionsTest::testInlineFunctions22
Closure,49,com.google.javascript.jscomp.InlineFunctionsTest::testInlineFunctions23
Closure,49,com.google.javascript.jscomp.InlineFunctionsTest::testInlineFunctions9
Closure,49,com.google.javascript.jscomp.InlineFunctionsTest::testInlineNeverMutateConstants
Closure,49,com.google.javascript.jscomp.InlineFunctionsTest::testInlineNeverOverrideNewValues
Closure,49,com.google.javascript.jscomp.InlineFunctionsTest::testInlineWithThis7
Closure,49,com.google.javascript.jscomp.InlineFunctionsTest::testIssue423
Closure,49,com.google.javascript.jscomp.InlineFunctionsTest::testLoopWithFunctionWithFunction
Closure,49,com.google.javascript.jscomp.InlineFunctionsTest::testMethodWithFunctionWithFunction
Closure,49,com.google.javascript.jscomp.InlineFunctionsTest::testMixedModeInliningCosting3
Closure,49,com.google.javascript.jscomp.InlineFunctionsTest::testNoInlineIfParametersModified1
Closure,49,com.google.javascript.jscomp.InlineFunctionsTest::testNoInlineIfParametersModified2
Closure,49,com.google.javascript.jscomp.InlineFunctionsTest::testNoInlineIfParametersModified3
Closure,49,com.google.javascript.jscomp.InlineFunctionsTest::testNoInlineIfParametersModified4
Closure,49,com.google.javascript.jscomp.InlineFunctionsTest::testNoInlineIfParametersModified5
Closure,49,com.google.javascript.jscomp.InlineFunctionsTest::testNoInlineIfParametersModified6
Closure,49,com.google.javascript.jscomp.InlineFunctionsTest::testNoInlineIfParametersModified7
Closure,49,com.google.javascript.jscomp.InlineFunctionsTest::testShadowVariables1
Closure,49,com.google.javascript.jscomp.InlineFunctionsTest::testShadowVariables16
Closure,49,com.google.javascript.jscomp.InlineFunctionsTest::testShadowVariables18
Closure,49,com.google.javascript.jscomp.InlineFunctionsTest::testShadowVariables3
Closure,49,com.google.javascript.jscomp.InlineFunctionsTest::testShadowVariables6
Closure,49,com.google.javascript.jscomp.InlineFunctionsTest::testShadowVariables7
Closure,49,com.google.javascript.jscomp.MakeDeclaredNamesUniqueTest::testMakeLocalNamesUniqueWithContext5
Closure,50,com.google.javascript.jscomp.PeepholeReplaceKnownMethodsTest::testNoStringJoin
Closure,50,com.google.javascript.jscomp.PeepholeReplaceKnownMethodsTest::testStringJoinAdd
Closure,51,com.google.javascript.jscomp.CodePrinterTest::testIssue582
Closure,52,com.google.javascript.jscomp.CodePrinterTest::testNumericKeys
Closure,53,com.google.javascript.jscomp.InlineObjectLiteralsTest::testBug545
Closure,54,com.google.javascript.jscomp.TypeCheckTest::testIssue537a
Closure,54,com.google.javascript.jscomp.TypeCheckTest::testIssue537b
Closure,54,com.google.javascript.jscomp.TypedScopeCreatorTest::testPropertyOnUnknownSuperClass2
Closure,55,com.google.javascript.jscomp.FunctionRewriterTest::testIssue538
Closure,56,com.google.javascript.jscomp.JSCompilerSourceExcerptProviderTest::testExceptNoNewLine
Closure,56,com.google.javascript.jscomp.JsMessageExtractorTest::testSyntaxError1
Closure,56,com.google.javascript.jscomp.JsMessageExtractorTest::testSyntaxError2
Closure,57,com.google.javascript.jscomp.ClosureCodingConventionTest::testRequire
Closure,58,com.google.javascript.jscomp.LiveVariableAnalysisTest::testExpressionInForIn
Closure,59,com.google.javascript.jscomp.CommandLineRunnerTest::testCheckGlobalThisOff
Closure,60,com.google.javascript.jscomp.CommandLineRunnerTest::testIssue504
Closure,60,com.google.javascript.jscomp.NodeUtilTest::testGetBooleanValue
Closure,61,com.google.javascript.jscomp.PeepholeRemoveDeadCodeTest::testCall1
Closure,61,com.google.javascript.jscomp.PeepholeRemoveDeadCodeTest::testCall2
Closure,61,com.google.javascript.jscomp.PeepholeRemoveDeadCodeTest::testRemoveUselessOps
Closure,62,com.google.javascript.jscomp.LightweightMessageFormatterTest::testFormatErrorSpaceEndOfLine1
Closure,62,com.google.javascript.jscomp.LightweightMessageFormatterTest::testFormatErrorSpaceEndOfLine2
Closure,63,com.google.javascript.jscomp.LightweightMessageFormatterTest::testFormatErrorSpaceEndOfLine1
Closure,63,com.google.javascript.jscomp.LightweightMessageFormatterTest::testFormatErrorSpaceEndOfLine2
Closure,64,com.google.javascript.jscomp.CommandLineRunnerTest::testES5StrictUseStrictMultipleInputs
Closure,65,com.google.javascript.jscomp.CodePrinterTest::testZero
Closure,66,com.google.javascript.jscomp.TypeCheckTest::testGetTypedPercent5
Closure,66,com.google.javascript.jscomp.TypeCheckTest::testGetTypedPercent6
Closure,67,com.google.javascript.jscomp.RemoveUnusedPrototypePropertiesTest::testAliasing7
Closure,68,com.google.javascript.jscomp.parsing.JsDocInfoParserTest::testIssue477
Closure,69,com.google.javascript.jscomp.TypeCheckTest::testThisTypeOfFunction2
Closure,69,com.google.javascript.jscomp.TypeCheckTest::testThisTypeOfFunction3
Closure,69,com.google.javascript.jscomp.TypeCheckTest::testThisTypeOfFunction4
Closure,70,com.google.javascript.jscomp.LooseTypeCheckTest::testDuplicateLocalVarDecl
Closure,70,com.google.javascript.jscomp.LooseTypeCheckTest::testFunctionArguments13
Closure,70,com.google.javascript.jscomp.TypeCheckTest::testDuplicateLocalVarDecl
Closure,70,com.google.javascript.jscomp.TypeCheckTest::testFunctionArguments13
Closure,70,com.google.javascript.jscomp.TypeCheckTest::testScoping12
Closure,71,com.google.javascript.jscomp.CheckAccessControlsTest::testNoPrivateAccessForProperties6
Closure,71,com.google.javascript.jscomp.CheckAccessControlsTest::testNoPrivateAccessForProperties8
Closure,72,com.google.javascript.jscomp.InlineFunctionsTest::testInlineFunctions31
Closure,73,com.google.javascript.jscomp.CodePrinterTest::testUnicode
Closure,74,com.google.javascript.jscomp.PeepholeFoldConstantsTest::testCommutativeOperators
Closure,74,com.google.javascript.jscomp.PeepholeFoldConstantsTest::testFoldComparison3
Closure,74,com.google.javascript.jscomp.PeepholeFoldConstantsTest::testInvertibleOperators
Closure,75,com.google.javascript.jscomp.PeepholeFoldConstantsTest::testIEString
Closure,76,com.google.javascript.jscomp.DeadAssignmentsEliminationTest::testInExpression2
Closure,76,com.google.javascript.jscomp.DeadAssignmentsEliminationTest::testIssue384b
Closure,76,com.google.javascript.jscomp.DeadAssignmentsEliminationTest::testIssue384c
Closure,76,com.google.javascript.jscomp.DeadAssignmentsEliminationTest::testIssue384d
Closure,77,com.google.javascript.jscomp.CodePrinterTest::testZero
Closure,78,com.google.javascript.jscomp.PeepholeFoldConstantsTest::testFoldArithmetic
Closure,79,com.google.javascript.jscomp.NormalizeTest::testIssue
Closure,79,com.google.javascript.jscomp.VarCheckTest::testCallInExterns
Closure,79,com.google.javascript.jscomp.VarCheckTest::testPropReferenceInExterns1
Closure,79,com.google.javascript.jscomp.VarCheckTest::testPropReferenceInExterns3
Closure,79,com.google.javascript.jscomp.VarCheckTest::testVarReferenceInExterns
Closure,80,com.google.javascript.jscomp.NodeUtilTest::testIsBooleanResult
Closure,80,com.google.javascript.jscomp.NodeUtilTest::testLocalValue1
Closure,81,com.google.javascript.jscomp.parsing.ParserTest::testUnnamedFunctionStatement
Closure,82,com.google.javascript.jscomp.TypeCheckTest::testIssue301
Closure,82,com.google.javascript.rhino.jstype.FunctionTypeTest::testEmptyFunctionTypes
Closure,83,com.google.javascript.jscomp.CommandLineRunnerTest::testVersionFlag2
Closure,84,com.google.javascript.jscomp.parsing.ParserTest::testDestructuringAssignForbidden4
Closure,85,com.google.javascript.jscomp.UnreachableCodeEliminationTest::testCascadedRemovalOfUnlessUnconditonalJumps
Closure,85,com.google.javascript.jscomp.UnreachableCodeEliminationTest::testIssue311
Closure,86,com.google.javascript.jscomp.NodeUtilTest::testLocalValue1
Closure,86,com.google.javascript.jscomp.PureFunctionIdentifierTest::testAnnotationInExterns_new4
Closure,86,com.google.javascript.jscomp.PureFunctionIdentifierTest::testAnnotationInExterns_new6
Closure,86,com.google.javascript.jscomp.PureFunctionIdentifierTest::testIssue303
Closure,86,com.google.javascript.jscomp.PureFunctionIdentifierTest::testIssue303b
Closure,86,com.google.javascript.jscomp.PureFunctionIdentifierTest::testLocalizedSideEffects8
Closure,86,com.google.javascript.jscomp.PureFunctionIdentifierTest::testLocalizedSideEffects9
Closure,87,com.google.javascript.jscomp.PeepholeSubstituteAlternateSyntaxTest::testIssue291
Closure,88,com.google.javascript.jscomp.CommandLineRunnerTest::testIssue297
Closure,88,com.google.javascript.jscomp.DeadAssignmentsEliminationTest::testIssue297a
Closure,88,com.google.javascript.jscomp.DeadAssignmentsEliminationTest::testIssue297b
Closure,88,com.google.javascript.jscomp.DeadAssignmentsEliminationTest::testIssue297c
Closure,88,com.google.javascript.jscomp.DeadAssignmentsEliminationTest::testIssue297d
Closure,88,com.google.javascript.jscomp.DeadAssignmentsEliminationTest::testIssue297e
Closure,88,com.google.javascript.jscomp.DeadAssignmentsEliminationTest::testIssue297f
Closure,89,com.google.javascript.jscomp.CollapsePropertiesTest::testAddPropertyToChildOfUncollapsibleFunctionInLocalScope
Closure,89,com.google.javascript.jscomp.CollapsePropertiesTest::testAddPropertyToUncollapsibleFunctionInLocalScopeDepth1
Closure,89,com.google.javascript.jscomp.CollapsePropertiesTest::testAddPropertyToUncollapsibleFunctionInLocalScopeDepth2
Closure,89,com.google.javascript.jscomp.CollapsePropertiesTest::testAddPropertyToUncollapsibleNamedCtorInLocalScopeDepth1
Closure,89,com.google.javascript.jscomp.CollapsePropertiesTest::testAliasCreatedForFunctionDepth1_1
Closure,89,com.google.javascript.jscomp.CollapsePropertiesTest::testAliasCreatedForFunctionDepth1_2
Closure,89,com.google.javascript.jscomp.CollapsePropertiesTest::testAliasCreatedForFunctionDepth1_3
Closure,89,com.google.javascript.jscomp.CollapsePropertiesTest::testAliasCreatedForFunctionDepth2
Closure,90,com.google.javascript.jscomp.TypeCheckTest::testBackwardsTypedefUse8
Closure,90,com.google.javascript.jscomp.TypeCheckTest::testBackwardsTypedefUse9
Closure,91,com.google.javascript.jscomp.CheckGlobalThisTest::testLendsAnnotation3
Closure,92,com.google.javascript.jscomp.ProcessClosurePrimitivesTest::testProvideInIndependentModules4
Closure,93,com.google.javascript.jscomp.ProcessClosurePrimitivesTest::testProvideInIndependentModules4
Closure,94,com.google.javascript.jscomp.NodeUtilTest::testValidDefine
Closure,94,com.google.javascript.jscomp.ProcessDefinesTest::testOverridingString1
Closure,94,com.google.javascript.jscomp.ProcessDefinesTest::testOverridingString3
Closure,95,com.google.javascript.jscomp.TypeCheckTest::testQualifiedNameInference5
Closure,95,com.google.javascript.jscomp.TypedScopeCreatorTest::testGlobalQualifiedNameInLocalScope
Closure,96,com.google.javascript.jscomp.TypeCheckTest::testFunctionArguments16
Closure,97,com.google.javascript.jscomp.PeepholeFoldConstantsTest::testFoldBitShifts
Closure,98,com.google.javascript.jscomp.InlineVariablesTest::testNoInlineAliasesInLoop
Closure,99,com.google.javascript.jscomp.CheckGlobalThisTest::testInterface1
Closure,99,com.google.javascript.jscomp.CheckGlobalThisTest::testMethod4
Closure,99,com.google.javascript.jscomp.CheckGlobalThisTest::testPropertyOfMethod
Closure,100,com.google.javascript.jscomp.CheckGlobalThisTest::testGlobalThis7
Closure,100,com.google.javascript.jscomp.CheckGlobalThisTest::testInnerFunction1
Closure,100,com.google.javascript.jscomp.CheckGlobalThisTest::testInnerFunction2
Closure,100,com.google.javascript.jscomp.CheckGlobalThisTest::testInnerFunction3
Closure,100,com.google.javascript.jscomp.CheckGlobalThisTest::testStaticFunction6
Closure,100,com.google.javascript.jscomp.CheckGlobalThisTest::testStaticFunction7
Closure,100,com.google.javascript.jscomp.CheckGlobalThisTest::testStaticFunction8
Closure,100,com.google.javascript.jscomp.CheckGlobalThisTest::testStaticMethod2
Closure,100,com.google.javascript.jscomp.CheckGlobalThisTest::testStaticMethod3
Closure,101,com.google.javascript.jscomp.CommandLineRunnerTest::testProcessClosurePrimitives
Closure,102,com.google.javascript.jscomp.CompilerRunnerTest::testIssue115
Closure,103,com.google.javascript.jscomp.CheckUnreachableCodeTest::testInstanceOfThrowsException
Closure,103,com.google.javascript.jscomp.ControlFlowAnalysisTest::testInstanceOf
Closure,103,com.google.javascript.jscomp.DisambiguatePropertiesTest::testSupertypeReferenceOfSubtypeProperty
Closure,104,com.google.javascript.rhino.jstype.UnionTypeTest::testGreatestSubtypeUnionTypes5
Closure,105,com.google.javascript.jscomp.FoldConstantsTest::testStringJoinAdd
Closure,106,com.google.javascript.jscomp.CheckSideEffectsTest::testJSDocComments
Closure,106,com.google.javascript.jscomp.CollapsePropertiesTest::testCrashInCommaOperator
Closure,106,com.google.javascript.jscomp.CollapsePropertiesTest::testCrashInNestedAssign
Closure,106,com.google.javascript.jscomp.CollapsePropertiesTest::testTwinReferenceCancelsChildCollapsing
Closure,107,com.google.javascript.jscomp.CommandLineRunnerTest::testGetMsgWiringNoWarnings
Closure,108,com.google.javascript.jscomp.ScopedAliasesTest::testIssue1144
Closure,109,com.google.javascript.jscomp.parsing.JsDocInfoParserTest::testStructuralConstructor2
Closure,109,com.google.javascript.jscomp.parsing.JsDocInfoParserTest::testStructuralConstructor3
Closure,110,com.google.javascript.jscomp.ScopedAliasesTest::testFunctionDeclaration
Closure,110,com.google.javascript.jscomp.ScopedAliasesTest::testHoistedFunctionDeclaration
Closure,111,com.google.javascript.jscomp.ClosureReverseAbstractInterpreterTest::testGoogIsArray2
Closure,112,com.google.javascript.jscomp.TypeCheckTest::testIssue1058
Closure,112,com.google.javascript.jscomp.TypeCheckTest::testTemplatized11
Closure,113,com.google.javascript.jscomp.VarCheckTest::testNoUndeclaredVarWhenUsingClosurePass
Closure,114,com.google.javascript.jscomp.NameAnalyzerTest::testAssignWithCall
Closure,115,com.google.javascript.jscomp.InlineFunctionsTest::testBug4944818
Closure,115,com.google.javascript.jscomp.InlineFunctionsTest::testDoubleInlining1
Closure,115,com.google.javascript.jscomp.InlineFunctionsTest::testInlineFunctions22
Closure,115,com.google.javascript.jscomp.InlineFunctionsTest::testInlineFunctions23
Closure,115,com.google.javascript.jscomp.InlineFunctionsTest::testInlineFunctions6
Closure,115,com.google.javascript.jscomp.InlineFunctionsTest::testNoInlineIfParametersModified8
Closure,115,com.google.javascript.jscomp.InlineFunctionsTest::testNoInlineIfParametersModified9
Closure,116,com.google.javascript.jscomp.FunctionInjectorTest::testIssue1101a
Closure,116,com.google.javascript.jscomp.FunctionInjectorTest::testIssue1101b
Closure,116,com.google.javascript.jscomp.InlineFunctionsTest::testBug4944818
Closure,116,com.google.javascript.jscomp.InlineFunctionsTest::testDoubleInlining2
Closure,116,com.google.javascript.jscomp.InlineFunctionsTest::testInlineFunctions6
Closure,116,com.google.javascript.jscomp.InlineFunctionsTest::testInlineIfParametersModified8
Closure,116,com.google.javascript.jscomp.InlineFunctionsTest::testInlineIfParametersModified9
Closure,116,com.google.javascript.jscomp.InlineFunctionsTest::testIssue1101
Closure,117,com.google.javascript.jscomp.TypeCheckTest::testIssue1047
Closure,118,com.google.javascript.jscomp.DisambiguatePropertiesTest::testOneType4
Closure,118,com.google.javascript.jscomp.DisambiguatePropertiesTest::testTwoTypes4
Closure,119,com.google.javascript.jscomp.CheckGlobalNamesTest::testGlobalCatch
Closure,120,com.google.javascript.jscomp.InlineVariablesTest::testExternalIssue1053
Closure,121,com.google.javascript.jscomp.InlineVariablesTest::testExternalIssue1053
Closure,122,com.google.javascript.jscomp.parsing.ParserTest::testSuspiciousBlockCommentWarning3
Closure,122,com.google.javascript.jscomp.parsing.ParserTest::testSuspiciousBlockCommentWarning4
Closure,122,com.google.javascript.jscomp.parsing.ParserTest::testSuspiciousBlockCommentWarning5
Closure,123,com.google.javascript.jscomp.CodePrinterTest::testPrintInOperatorInForLoop
Closure,124,com.google.javascript.jscomp.ExploitAssignsTest::testIssue1017
Closure,125,com.google.javascript.jscomp.TypeCheckTest::testIssue1002
Closure,126,com.google.javascript.jscomp.MinimizeExitPointsTest::testDontRemoveBreakInTryFinally
Closure,126,com.google.javascript.jscomp.MinimizeExitPointsTest::testFunctionReturnOptimization
Closure,127,com.google.javascript.jscomp.UnreachableCodeEliminationTest::testDontRemoveBreakInTryFinally
Closure,127,com.google.javascript.jscomp.UnreachableCodeEliminationTest::testDontRemoveBreakInTryFinallySwitch
Closure,127,com.google.javascript.jscomp.UnreachableCodeEliminationTest::testIssue4177428_continue
Closure,127,com.google.javascript.jscomp.UnreachableCodeEliminationTest::testIssue4177428_return
Closure,127,com.google.javascript.jscomp.UnreachableCodeEliminationTest::testIssue4177428a
Closure,127,com.google.javascript.jscomp.UnreachableCodeEliminationTest::testIssue4177428c
Closure,128,com.google.javascript.jscomp.CodePrinterTest::testIssue942
Closure,129,com.google.javascript.jscomp.IntegrationTest::testIssue937
Closure,130,com.google.javascript.jscomp.CollapsePropertiesTest::testIssue931
Closure,131,com.google.javascript.jscomp.ConvertToDottedPropertiesTest::testDoNotConvert
Closure,131,com.google.javascript.jscomp.ConvertToDottedPropertiesTest::testQuotedProps
Closure,132,com.google.javascript.jscomp.PeepholeSubstituteAlternateSyntaxTest::testIssue925
Closure,133,com.google.javascript.jscomp.parsing.JsDocInfoParserTest::testTextExtents
Lang,1,org.apache.commons.lang3.math.NumberUtilsTest::TestLang747
Lang,2,org.apache.commons.lang3.LocaleUtilsTest::testParseAllLocales
Lang,3,org.apache.commons.lang3.math.NumberUtilsTest::testStringCreateNumberEnsureNoPrecisionLoss
Lang,4,org.apache.commons.lang3.text.translate.LookupTranslatorTest::testLang882
Lang,5,org.apache.commons.lang3.LocaleUtilsTest::testLang865
Lang,6,org.apache.commons.lang3.StringUtilsTest::testEscapeSurrogatePairs
Lang,7,org.apache.commons.lang3.math.NumberUtilsTest::testCreateNumber
Lang,8,org.apache.commons.lang3.time.FastDateFormat_PrinterTest::testCalendarTimezoneRespected
Lang,8,org.apache.commons.lang3.time.FastDatePrinterTest::testCalendarTimezoneRespected
Lang,9,org.apache.commons.lang3.time.FastDateFormat_ParserTest::testLANG_832
Lang,9,org.apache.commons.lang3.time.FastDateParserTest::testLANG_832
Lang,10,org.apache.commons.lang3.time.FastDateFormat_ParserTest::testLANG_831
Lang,10,org.apache.commons.lang3.time.FastDateParserTest::testLANG_831
Lang,11,org.apache.commons.lang3.RandomStringUtilsTest::testLANG807
Lang,12,org.apache.commons.lang3.RandomStringUtilsTest::testExceptions
Lang,12,org.apache.commons.lang3.RandomStringUtilsTest::testLANG805
Lang,13,org.apache.commons.lang3.SerializationUtilsTest::testPrimitiveTypeClassSerialization
Lang,14,org.apache.commons.lang3.StringUtilsEqualsIndexOfTest::testEquals
Lang,15,org.apache.commons.lang3.reflect.TypeUtilsTest::testGetTypeArguments
Lang,15,org.apache.commons.lang3.reflect.TypeUtilsTest::testIsAssignable
Lang,16,org.apache.commons.lang3.math.NumberUtilsTest::testCreateNumber
Lang,17,org.apache.commons.lang3.StringEscapeUtilsTest::testLang720
Lang,18,org.apache.commons.lang3.time.FastDateFormatTest::testFormat
Lang,19,org.apache.commons.lang3.text.translate.NumericEntityUnescaperTest::testOutOfBounds
Lang,19,org.apache.commons.lang3.text.translate.NumericEntityUnescaperTest::testUnfinishedEntity
Lang,20,org.apache.commons.lang3.StringUtilsTest::testJoin_ArrayChar
Lang,20,org.apache.commons.lang3.StringUtilsTest::testJoin_Objectarray
Lang,21,org.apache.commons.lang3.time.DateUtilsTest::testIsSameLocalTime_Cal
Lang,22,org.apache.commons.lang3.math.FractionTest::testReduce
Lang,22,org.apache.commons.lang3.math.FractionTest::testReducedFactory_int_int
Lang,23,org.apache.commons.lang3.text.ExtendedMessageFormatTest::testEqualsHashcode
Lang,24,org.apache.commons.lang3.math.NumberUtilsTest::testIsNumber
Lang,25,org.apache.commons.lang3.text.translate.EntityArraysTest::testISO8859_1_ESCAPE
Lang,26,org.apache.commons.lang3.time.FastDateFormatTest::testLang645
Lang,27,org.apache.commons.lang3.math.NumberUtilsTest::testCreateNumber
Lang,28,org.apache.commons.lang3.text.translate.NumericEntityUnescaperTest::testSupplementaryUnescaping
Lang,29,org.apache.commons.lang3.SystemUtilsTest::testJavaVersionAsInt
Lang,30,org.apache.commons.lang3.StringUtilsEqualsIndexOfTest::testContainsAny_StringCharArrayWithBadSupplementaryChars
Lang,30,org.apache.commons.lang3.StringUtilsEqualsIndexOfTest::testContainsAny_StringWithBadSupplementaryChars
Lang,30,org.apache.commons.lang3.StringUtilsEqualsIndexOfTest::testContainsNone_CharArrayWithBadSupplementaryChars
Lang,30,org.apache.commons.lang3.StringUtilsEqualsIndexOfTest::testContainsNone_CharArrayWithSupplementaryChars
Lang,30,org.apache.commons.lang3.StringUtilsEqualsIndexOfTest::testContainsNone_StringWithBadSupplementaryChars
Lang,30,org.apache.commons.lang3.StringUtilsEqualsIndexOfTest::testContainsNone_StringWithSupplementaryChars
Lang,30,org.apache.commons.lang3.StringUtilsEqualsIndexOfTest::testIndexOfAny_StringCharArrayWithSupplementaryChars
Lang,30,org.apache.commons.lang3.StringUtilsEqualsIndexOfTest::testIndexOfAny_StringStringWithSupplementaryChars
Lang,30,org.apache.commons.lang3.StringUtilsEqualsIndexOfTest::testIndexOfAnyBut_StringCharArrayWithSupplementaryChars
Lang,30,org.apache.commons.lang3.StringUtilsEqualsIndexOfTest::testIndexOfAnyBut_StringStringWithSupplementaryChars
Lang,31,org.apache.commons.lang3.StringUtilsEqualsIndexOfTest::testContainsAnyCharArrayWithSupplementaryChars
Lang,31,org.apache.commons.lang3.StringUtilsEqualsIndexOfTest::testContainsAnyStringWithSupplementaryChars
Lang,32,org.apache.commons.lang3.builder.HashCodeBuilderTest::testReflectionObjectCycle
Lang,33,org.apache.commons.lang3.ClassUtilsTest::testToClass_object
Lang,34,org.apache.commons.lang3.builder.ToStringBuilderTest::testObjectCycle
Lang,34,org.apache.commons.lang3.builder.ToStringBuilderTest::testReflectionArrayAndObjectCycle
Lang,34,org.apache.commons.lang3.builder.ToStringBuilderTest::testReflectionArrayArrayCycle
Lang,34,org.apache.commons.lang3.builder.ToStringBuilderTest::testReflectionArrayCycle
Lang,34,org.apache.commons.lang3.builder.ToStringBuilderTest::testReflectionArrayCycleLevel2
Lang,34,org.apache.commons.lang3.builder.ToStringBuilderTest::testReflectionBooleanArray
Lang,34,org.apache.commons.lang3.builder.ToStringBuilderTest::testReflectionBooleanArrayArray
Lang,34,org.apache.commons.lang3.builder.ToStringBuilderTest::testReflectionByteArrayArray
Lang,34,org.apache.commons.lang3.builder.ToStringBuilderTest::testReflectionCharArray
Lang,34,org.apache.commons.lang3.builder.ToStringBuilderTest::testReflectionCharArrayArray
Lang,34,org.apache.commons.lang3.builder.ToStringBuilderTest::testReflectionDoubleArray
Lang,34,org.apache.commons.lang3.builder.ToStringBuilderTest::testReflectionDoubleArrayArray
Lang,34,org.apache.commons.lang3.builder.ToStringBuilderTest::testReflectionFloatArray
Lang,34,org.apache.commons.lang3.builder.ToStringBuilderTest::testReflectionFloatArrayArray
Lang,34,org.apache.commons.lang3.builder.ToStringBuilderTest::testReflectionHierarchy
Lang,34,org.apache.commons.lang3.builder.ToStringBuilderTest::testReflectionhortArrayArray
Lang,34,org.apache.commons.lang3.builder.ToStringBuilderTest::testReflectionIntArray
Lang,34,org.apache.commons.lang3.builder.ToStringBuilderTest::testReflectionIntArrayArray
Lang,34,org.apache.commons.lang3.builder.ToStringBuilderTest::testReflectionLongArray
Lang,34,org.apache.commons.lang3.builder.ToStringBuilderTest::testReflectionLongArrayArray
Lang,34,org.apache.commons.lang3.builder.ToStringBuilderTest::testReflectionObjectArray
Lang,34,org.apache.commons.lang3.builder.ToStringBuilderTest::testReflectionObjectCycle
Lang,34,org.apache.commons.lang3.builder.ToStringBuilderTest::testReflectionShortArray
Lang,34,org.apache.commons.lang3.builder.ToStringBuilderTest::testReflectionyteArray
Lang,34,org.apache.commons.lang3.builder.ToStringBuilderTest::testSelfInstanceTwoVarsReflectionObjectCycle
Lang,34,org.apache.commons.lang3.builder.ToStringBuilderTest::testSelfInstanceVarReflectionObjectCycle
Lang,34,org.apache.commons.lang3.builder.ToStringBuilderTest::testSimpleReflectionObjectCycle
Lang,35,org.apache.commons.lang3.ArrayUtilsAddTest::testLANG571
Lang,36,org.apache.commons.lang3.math.NumberUtilsTest::testCreateNumber
Lang,36,org.apache.commons.lang3.math.NumberUtilsTest::testIsNumber
Lang,37,org.apache.commons.lang3.ArrayUtilsAddTest::testJira567
Lang,38,org.apache.commons.lang3.time.FastDateFormatTest::testLang538
Lang,39,org.apache.commons.lang3.StringUtilsTest::testReplace_StringStringArrayStringArray
Lang,40,org.apache.commons.lang.StringUtilsEqualsIndexOfTest::testContainsIgnoreCase_LocaleIndependence
Lang,41,org.apache.commons.lang.ClassUtilsTest::test_getPackageName_Class
Lang,41,org.apache.commons.lang.ClassUtilsTest::test_getShortClassName_Class
Lang,42,org.apache.commons.lang.StringEscapeUtilsTest::testEscapeHtmlHighUnicode
Lang,43,org.apache.commons.lang.text.ExtendedMessageFormatTest::testEscapedQuote_LANG_477
Lang,44,org.apache.commons.lang.NumberUtilsTest::testLang457
Lang,45,org.apache.commons.lang.WordUtilsTest::testAbbreviate
Lang,46,org.apache.commons.lang.StringEscapeUtilsTest::testEscapeJavaWithSlash
Lang,47,org.apache.commons.lang.text.StrBuilderTest::testLang412Left
Lang,47,org.apache.commons.lang.text.StrBuilderTest::testLang412Right
Lang,48,org.apache.commons.lang.builder.EqualsBuilderTest::testBigDecimal
Lang,49,org.apache.commons.lang.math.FractionTest::testReduce
Lang,50,org.apache.commons.lang.time.FastDateFormatTest::test_changeDefault_Locale_DateInstance
Lang,50,org.apache.commons.lang.time.FastDateFormatTest::test_changeDefault_Locale_DateTimeInstance
Lang,51,org.apache.commons.lang.BooleanUtilsTest::test_toBoolean_String
Lang,52,org.apache.commons.lang.StringEscapeUtilsTest::testEscapeJavaScript
Lang,53,org.apache.commons.lang.time.DateUtilsTest::testRoundLang346
Lang,54,org.apache.commons.lang.LocaleUtilsTest::testLang328
Lang,55,org.apache.commons.lang.time.StopWatchTest::testLang315
Lang,56,org.apache.commons.lang.time.FastDateFormatTest::testLang303
Lang,57,org.apache.commons.lang.LocaleUtilsTest::testAvailableLocaleList
Lang,57,org.apache.commons.lang.LocaleUtilsTest::testAvailableLocaleSet
Lang,57,org.apache.commons.lang.LocaleUtilsTest::testConstructor
Lang,57,org.apache.commons.lang.LocaleUtilsTest::testCountriesByLanguage
Lang,57,org.apache.commons.lang.LocaleUtilsTest::testIsAvailableLocale
Lang,57,org.apache.commons.lang.LocaleUtilsTest::testLanguagesByCountry
Lang,57,org.apache.commons.lang.LocaleUtilsTest::testLocaleLookupList_Locale
Lang,57,org.apache.commons.lang.LocaleUtilsTest::testLocaleLookupList_LocaleLocale
Lang,57,org.apache.commons.lang.LocaleUtilsTest::testToLocale_1Part
Lang,57,org.apache.commons.lang.LocaleUtilsTest::testToLocale_2Part
Lang,57,org.apache.commons.lang.LocaleUtilsTest::testToLocale_3Part
Lang,58,org.apache.commons.lang.math.NumberUtilsTest::testLang300
Lang,59,org.apache.commons.lang.text.StrBuilderAppendInsertTest::testLang299
Lang,60,org.apache.commons.lang.text.StrBuilderTest::testLang295
Lang,61,org.apache.commons.lang.text.StrBuilderTest::testIndexOfLang294
Lang,61,org.apache.commons.lang.text.StrBuilderTest::testLang294
Lang,62,org.apache.commons.lang.EntitiesTest::testNumberOverflow
Lang,63,org.apache.commons.lang.time.DurationFormatUtilsTest::testJiraLang281
Lang,64,org.apache.commons.lang.enums.ValuedEnumTest::testCompareTo_otherEnumType
Lang,65,org.apache.commons.lang.time.DateUtilsTest::testTruncateLang59
Math,1,org.apache.commons.math3.fraction.BigFractionTest::testDigitLimitConstructor
Math,1,org.apache.commons.math3.fraction.FractionTest::testDigitLimitConstructor
Math,2,org.apache.commons.math3.distribution.HypergeometricDistributionTest::testMath1021
Math,3,org.apache.commons.math3.util.MathArraysTest::testLinearCombinationWithSingleElementArray
Math,4,org.apache.commons.math3.geometry.euclidean.threed.SubLineTest::testIntersectionNotIntersecting
Math,4,org.apache.commons.math3.geometry.euclidean.twod.SubLineTest::testIntersectionParallel
Math,5,org.apache.commons.math3.complex.ComplexTest::testReciprocalZero
Math,6,org.apache.commons.math3.optim.nonlinear.scalar.gradient.NonLinearConjugateGradientOptimizerTest::testTrivial
Math,6,org.apache.commons.math3.optim.nonlinear.scalar.noderiv.CMAESOptimizerTest::testAckley
Math,6,org.apache.commons.math3.optim.nonlinear.scalar.noderiv.CMAESOptimizerTest::testCigar
Math,6,org.apache.commons.math3.optim.nonlinear.scalar.noderiv.CMAESOptimizerTest::testCigarWithBoundaries
Math,6,org.apache.commons.math3.optim.nonlinear.scalar.noderiv.CMAESOptimizerTest::testCigTab
Math,6,org.apache.commons.math3.optim.nonlinear.scalar.noderiv.CMAESOptimizerTest::testConstrainedRosen
Math,6,org.apache.commons.math3.optim.nonlinear.scalar.noderiv.CMAESOptimizerTest::testDiagonalRosen
Math,6,org.apache.commons.math3.optim.nonlinear.scalar.noderiv.CMAESOptimizerTest::testDiffPow
Math,6,org.apache.commons.math3.optim.nonlinear.scalar.noderiv.CMAESOptimizerTest::testEllipse
Math,6,org.apache.commons.math3.optim.nonlinear.scalar.noderiv.CMAESOptimizerTest::testElliRotated
Math,6,org.apache.commons.math3.optim.nonlinear.scalar.noderiv.CMAESOptimizerTest::testMaximize
Math,6,org.apache.commons.math3.optim.nonlinear.scalar.noderiv.CMAESOptimizerTest::testRastrigin
Math,6,org.apache.commons.math3.optim.nonlinear.scalar.noderiv.CMAESOptimizerTest::testRosen
Math,6,org.apache.commons.math3.optim.nonlinear.scalar.noderiv.CMAESOptimizerTest::testSphere
Math,6,org.apache.commons.math3.optim.nonlinear.scalar.noderiv.CMAESOptimizerTest::testSsDiffPow
Math,6,org.apache.commons.math3.optim.nonlinear.scalar.noderiv.CMAESOptimizerTest::testTablet
Math,6,org.apache.commons.math3.optim.nonlinear.scalar.noderiv.CMAESOptimizerTest::testTwoAxes
Math,6,org.apache.commons.math3.optim.nonlinear.scalar.noderiv.PowellOptimizerTest::testSumSinc
Math,6,org.apache.commons.math3.optim.nonlinear.scalar.noderiv.SimplexOptimizerMultiDirectionalTest::testMaximize1
Math,6,org.apache.commons.math3.optim.nonlinear.scalar.noderiv.SimplexOptimizerMultiDirectionalTest::testMaximize2
Math,6,org.apache.commons.math3.optim.nonlinear.scalar.noderiv.SimplexOptimizerMultiDirectionalTest::testMinimize1
Math,6,org.apache.commons.math3.optim.nonlinear.scalar.noderiv.SimplexOptimizerMultiDirectionalTest::testMinimize2
Math,6,org.apache.commons.math3.optim.nonlinear.scalar.noderiv.SimplexOptimizerNelderMeadTest::testMaximize1
Math,6,org.apache.commons.math3.optim.nonlinear.scalar.noderiv.SimplexOptimizerNelderMeadTest::testMaximize2
Math,6,org.apache.commons.math3.optim.nonlinear.scalar.noderiv.SimplexOptimizerNelderMeadTest::testMinimize1
Math,6,org.apache.commons.math3.optim.nonlinear.scalar.noderiv.SimplexOptimizerNelderMeadTest::testMinimize2
Math,6,org.apache.commons.math3.optim.nonlinear.vector.jacobian.GaussNewtonOptimizerTest::testGetIterations
Math,6,org.apache.commons.math3.optim.nonlinear.vector.jacobian.LevenbergMarquardtOptimizerTest::testGetIterations
Math,7,org.apache.commons.math3.ode.nonstiff.DormandPrince853IntegratorTest::testEventsScheduling
Math,8,org.apache.commons.math3.distribution.DiscreteRealDistributionTest::testIssue942
Math,9,org.apache.commons.math3.geometry.euclidean.threed.LineTest::testRevert
Math,10,org.apache.commons.math3.analysis.differentiation.DerivativeStructureTest::testAtan2SpecialCases
Math,11,org.apache.commons.math3.distribution.MultivariateNormalDistributionTest::testUnivariateDistribution
Math,12,org.apache.commons.math3.distribution.GammaDistributionTest::testDistributionClone
Math,12,org.apache.commons.math3.distribution.LogNormalDistributionTest::testDistributionClone
Math,12,org.apache.commons.math3.distribution.NormalDistributionTest::testDistributionClone
Math,13,org.apache.commons.math3.optimization.fitting.PolynomialFitterTest::testLargeSample
Math,14,org.apache.commons.math3.fitting.PolynomialFitterTest::testLargeSample
Math,15,org.apache.commons.math3.util.FastMathTest::testMath904
Math,16,org.apache.commons.math3.util.FastMathTest::testMath905LargeNegative
Math,16,org.apache.commons.math3.util.FastMathTest::testMath905LargePositive
Math,17,org.apache.commons.math3.dfp.DfpTest::testMultiply
Math,18,org.apache.commons.math3.optimization.direct.CMAESOptimizerTest::testFitAccuracyDependsOnBoundary
Math,19,org.apache.commons.math3.optimization.direct.CMAESOptimizerTest::testBoundaryRangeTooLarge
Math,20,org.apache.commons.math3.optimization.direct.CMAESOptimizerTest::testMath864
Math,21,org.apache.commons.math3.linear.RectangularCholeskyDecompositionTest::testFullRank
Math,21,org.apache.commons.math3.linear.RectangularCholeskyDecompositionTest::testMath789
Math,22,org.apache.commons.math3.distribution.FDistributionTest::testIsSupportLowerBoundInclusive
Math,22,org.apache.commons.math3.distribution.UniformRealDistributionTest::testIsSupportUpperBoundInclusive
Math,23,org.apache.commons.math3.optimization.univariate.BrentOptimizerTest::testKeepInitIfBest
Math,24,org.apache.commons.math3.optimization.univariate.BrentOptimizerTest::testMath855
Math,25,org.apache.commons.math3.optimization.fitting.HarmonicFitterTest::testMath844
Math,26,org.apache.commons.math3.fraction.FractionTest::testIntegerOverflow
Math,27,org.apache.commons.math3.fraction.FractionTest::testMath835
Math,28,org.apache.commons.math3.optimization.linear.SimplexSolverTest::testMath828Cycle
Math,29,org.apache.commons.math3.linear.SparseRealVectorTest::testEbeDivideMixedTypes
Math,29,org.apache.commons.math3.linear.SparseRealVectorTest::testEbeMultiplyMixedTypes
Math,29,org.apache.commons.math3.linear.SparseRealVectorTest::testEbeMultiplySameType
Math,30,org.apache.commons.math3.stat.inference.MannWhitneyUTestTest::testBigDataSet
Math,31,org.apache.commons.math3.distribution.BinomialDistributionTest::testMath718
Math,31,org.apache.commons.math3.distribution.FDistributionTest::testMath785
Math,32,org.apache.commons.math3.geometry.euclidean.threed.PolyhedronsSetTest::testIssue780
Math,33,org.apache.commons.math3.optimization.linear.SimplexSolverTest::testMath781
Math,34,org.apache.commons.math3.genetics.ListPopulationTest::testIterator
Math,35,org.apache.commons.math3.genetics.ElitisticListPopulationTest::testChromosomeListConstructorTooHigh
Math,35,org.apache.commons.math3.genetics.ElitisticListPopulationTest::testChromosomeListConstructorTooLow
Math,35,org.apache.commons.math3.genetics.ElitisticListPopulationTest::testConstructorTooHigh
Math,35,org.apache.commons.math3.genetics.ElitisticListPopulationTest::testConstructorTooLow
Math,36,org.apache.commons.math.fraction.BigFractionTest::testDoubleValueForLargeNumeratorAndDenominator
Math,36,org.apache.commons.math.fraction.BigFractionTest::testFloatValueForLargeNumeratorAndDenominator
Math,37,org.apache.commons.math.complex.ComplexTest::testTan
Math,37,org.apache.commons.math.complex.ComplexTest::testTanh
Math,37,org.apache.commons.math.complex.ComplexTest::testTanhInf
Math,37,org.apache.commons.math.complex.ComplexTest::testTanInf
Math,38,org.apache.commons.math.optimization.direct.BOBYQAOptimizerTest::testConstrainedRosenWithMoreInterpolationPoints
Math,39,org.apache.commons.math.ode.nonstiff.DormandPrince853IntegratorTest::testTooLargeFirstStep
Math,40,org.apache.commons.math.analysis.solvers.BracketingNthOrderBrentSolverTest::testIssue716
Math,41,org.apache.commons.math.stat.descriptive.moment.VarianceTest::testEvaluateArraySegmentWeighted
Math,42,org.apache.commons.math.optimization.linear.SimplexSolverTest::testMath713NegativeVariable
Math,43,org.apache.commons.math.stat.descriptive.SummaryStatisticsTest::testOverrideGeoMeanWithMathClass
Math,43,org.apache.commons.math.stat.descriptive.SummaryStatisticsTest::testOverrideMeanWithMathClass
Math,43,org.apache.commons.math.stat.descriptive.SummaryStatisticsTest::testOverrideVarianceWithMathClass
Math,43,org.apache.commons.math.stat.descriptive.SynchronizedSummaryStatisticsTest::testOverrideGeoMeanWithMathClass
Math,43,org.apache.commons.math.stat.descriptive.SynchronizedSummaryStatisticsTest::testOverrideMeanWithMathClass
Math,43,org.apache.commons.math.stat.descriptive.SynchronizedSummaryStatisticsTest::testOverrideVarianceWithMathClass
Math,44,org.apache.commons.math.ode.events.EventStateTest::testIssue695
Math,45,org.apache.commons.math.linear.OpenMapRealMatrixTest::testMath679
Math,46,org.apache.commons.math.complex.ComplexTest::testAtanI
Math,46,org.apache.commons.math.complex.ComplexTest::testDivideZero
Math,47,org.apache.commons.math.complex.ComplexTest::testAtanI
Math,47,org.apache.commons.math.complex.ComplexTest::testDivideZero
Math,48,org.apache.commons.math.analysis.solvers.RegulaFalsiSolverTest::testIssue631
Math,49,org.apache.commons.math.linear.SparseRealVectorTest::testConcurrentModification
Math,50,org.apache.commons.math.analysis.solvers.RegulaFalsiSolverTest::testIssue631
Math,51,org.apache.commons.math.analysis.solvers.RegulaFalsiSolverTest::testIssue631
Math,52,org.apache.commons.math.geometry.euclidean.threed.RotationTest::testIssue639
Math,53,org.apache.commons.math.complex.ComplexTest::testAddNaN
Math,54,org.apache.commons.math.dfp.DfpTest::testIssue567
Math,55,org.apache.commons.math.geometry.Vector3DTest::testCrossProductCancellation
Math,56,org.apache.commons.math.util.MultidimensionalCounterTest::testIterationConsistency
Math,57,org.apache.commons.math.stat.clustering.KMeansPlusPlusClustererTest::testSmallDistances
Math,58,org.apache.commons.math.optimization.fitting.GaussianFitterTest::testMath519
Math,59,org.apache.commons.math.util.FastMathTest::testMinMaxFloat
Math,60,org.apache.commons.math.distribution.NormalDistributionTest::testExtremeValues
Math,61,org.apache.commons.math.distribution.PoissonDistributionTest::testMean
Math,62,org.apache.commons.math.optimization.univariate.MultiStartUnivariateRealOptimizerTest::testQuinticMin
Math,63,org.apache.commons.math.util.MathUtilsTest::testArrayEquals
Math,64,org.apache.commons.math.optimization.general.MinpackTest::testMinpackFreudensteinRoth
Math,64,org.apache.commons.math.optimization.general.MinpackTest::testMinpackJennrichSampson
Math,65,org.apache.commons.math.optimization.general.LevenbergMarquardtOptimizerTest::testCircleFitting
Math,66,org.apache.commons.math.optimization.MultiStartUnivariateRealOptimizerTest::testQuinticMin
Math,66,org.apache.commons.math.optimization.MultiStartUnivariateRealOptimizerTest::testSinMin
Math,66,org.apache.commons.math.optimization.univariate.BrentOptimizerTest::testQuinticMinStatistics
Math,66,org.apache.commons.math.optimization.univariate.BrentOptimizerTest::testSinMin
Math,67,org.apache.commons.math.optimization.MultiStartUnivariateRealOptimizerTest::testQuinticMin
Math,68,org.apache.commons.math.optimization.general.MinpackTest::testMinpackFreudensteinRoth
Math,68,org.apache.commons.math.optimization.general.MinpackTest::testMinpackJennrichSampson
Math,69,org.apache.commons.math.stat.correlation.PearsonsCorrelationTest::testPValueNearZero
Math,69,org.apache.commons.math.stat.correlation.SpearmansRankCorrelationTest::testPValueNearZero
Math,70,org.apache.commons.math.analysis.solvers.BisectionSolverTest::testMath369
Math,71,org.apache.commons.math.ode.nonstiff.ClassicalRungeKuttaIntegratorTest::testMissedEndEvent
Math,71,org.apache.commons.math.ode.nonstiff.DormandPrince853IntegratorTest::testMissedEndEvent
Math,72,org.apache.commons.math.analysis.solvers.BrentSolverTest::testRootEndpoints
Math,73,org.apache.commons.math.analysis.solvers.BrentSolverTest::testBadEndpoints
Math,74,org.apache.commons.math.ode.nonstiff.AdamsMoultonIntegratorTest::polynomial
Math,75,org.apache.commons.math.stat.FrequencyTest::testPcts
Math,76,org.apache.commons.math.linear.SingularValueSolverTest::testMath320A
Math,76,org.apache.commons.math.linear.SingularValueSolverTest::testMath320B
Math,77,org.apache.commons.math.linear.ArrayRealVectorTest::testBasicFunctions
Math,77,org.apache.commons.math.linear.SparseRealVectorTest::testBasicFunctions
Math,78,org.apache.commons.math.ode.events.EventStateTest::closeEvents
Math,79,org.apache.commons.math.stat.clustering.KMeansPlusPlusClustererTest::testPerformClusterAnalysisDegenerate
Math,80,org.apache.commons.math.linear.EigenDecompositionImplTest::testMathpbx02
Math,81,org.apache.commons.math.linear.EigenDecompositionImplTest::testMath308
Math,82,org.apache.commons.math.optimization.linear.SimplexSolverTest::testMath288
Math,83,org.apache.commons.math.optimization.linear.SimplexSolverTest::testMath286
Math,84,org.apache.commons.math.optimization.direct.MultiDirectionalTest::testMath283
Math,84,org.apache.commons.math.optimization.direct.MultiDirectionalTest::testMinimizeMaximize
Math,85,org.apache.commons.math.distribution.NormalDistributionTest::testMath280
Math,86,org.apache.commons.math.linear.CholeskyDecompositionImplTest::testMath274
Math,86,org.apache.commons.math.linear.CholeskyDecompositionImplTest::testNotPositiveDefinite
Math,87,org.apache.commons.math.optimization.linear.SimplexSolverTest::testSingleVariableAndConstraint
Math,88,org.apache.commons.math.optimization.linear.SimplexSolverTest::testMath272
Math,89,org.apache.commons.math.stat.FrequencyTest::testAddNonComparable
Math,90,org.apache.commons.math.stat.FrequencyTest::testAddNonComparable
Math,91,org.apache.commons.math.fraction.FractionTest::testCompareTo
Math,92,org.apache.commons.math.util.MathUtilsTest::testBinomialCoefficientLarge
Math,93,org.apache.commons.math.util.MathUtilsTest::testFactorial
Math,94,org.apache.commons.math.util.MathUtilsTest::testGcd
Math,95,org.apache.commons.math.distribution.FDistributionTest::testSmallDegreesOfFreedom
Math,96,org.apache.commons.math.complex.ComplexTest::testMath221
Math,97,org.apache.commons.math.analysis.BrentSolverTest::testRootEndpoints
Math,98,org.apache.commons.math.linear.BigMatrixImplTest::testMath209
Math,98,org.apache.commons.math.linear.RealMatrixImplTest::testMath209
Math,99,org.apache.commons.math.util.MathUtilsTest::testGcd
Math,99,org.apache.commons.math.util.MathUtilsTest::testLcm
Math,100,org.apache.commons.math.estimation.GaussNewtonEstimatorTest::testBoundParameters
Math,101,org.apache.commons.math.complex.ComplexFormatTest::testForgottenImaginaryCharacter
Math,101,org.apache.commons.math.complex.FrenchComplexFormatTest::testForgottenImaginaryCharacter
Math,102,org.apache.commons.math.stat.inference.ChiSquareFactoryTest::testChiSquare
Math,102,org.apache.commons.math.stat.inference.ChiSquareFactoryTest::testChiSquareLargeTestStatistic
Math,102,org.apache.commons.math.stat.inference.ChiSquareTestTest::testChiSquare
Math,102,org.apache.commons.math.stat.inference.ChiSquareTestTest::testChiSquareLargeTestStatistic
Math,102,org.apache.commons.math.stat.inference.TestUtilsTest::testChiSquare
Math,102,org.apache.commons.math.stat.inference.TestUtilsTest::testChiSquareLargeTestStatistic
Math,103,org.apache.commons.math.distribution.NormalDistributionTest::testExtremeValues
Math,104,org.apache.commons.math.special.GammaTest::testRegularizedGammaPositivePositive
Math,105,org.apache.commons.math.stat.regression.SimpleRegressionTest::testSSENonNegative
Math,106,org.apache.commons.math.fraction.FractionFormatTest::testParseProperInvalidMinus
Mockito,1,org.mockito.internal.invocation.InvocationMatcherTest::should_capture_arguments_when_args_count_does_NOT_match
Mockito,1,org.mockito.internal.util.reflection.FieldInitializerTest::can_instantiate_class_with_parameterized_constructor
Mockito,1,org.mockito.internal.util.reflection.ParameterizedConstructorInstantiatorTest::should_fail_if_an_argument_instance_type_do_not_match_wanted_type
Mockito,1,org.mockito.internal.util.reflection.ParameterizedConstructorInstantiatorTest::should_instantiate_type_if_resolver_provide_matching_types
Mockito,1,org.mockito.internal.util.reflection.ParameterizedConstructorInstantiatorTest::should_instantiate_type_with_vararg_constructor
Mockito,1,org.mockito.internal.util.reflection.ParameterizedConstructorInstantiatorTest::should_report_failure_if_constructor_throws_exception
Mockito,1,org.mockitousage.basicapi.ResetTest::shouldRemoveAllStubbing
Mockito,1,org.mockitousage.basicapi.UsingVarargsTest::shouldMatchEasilyEmptyVararg
Mockito,1,org.mockitousage.basicapi.UsingVarargsTest::shouldStubBooleanVarargs
Mockito,1,org.mockitousage.basicapi.UsingVarargsTest::shouldStubCorrectlyWhenDoubleStringAndMixedVarargsUsed
Mockito,1,org.mockitousage.basicapi.UsingVarargsTest::shouldStubCorrectlyWhenMixedVarargsUsed
Mockito,1,org.mockitousage.basicapi.UsingVarargsTest::shouldStubStringVarargs
Mockito,1,org.mockitousage.basicapi.UsingVarargsTest::shouldVerifyBooleanVarargs
Mockito,1,org.mockitousage.basicapi.UsingVarargsTest::shouldVerifyObjectVarargs
Mockito,1,org.mockitousage.basicapi.UsingVarargsTest::shouldVerifyStringVarargs
Mockito,1,org.mockitousage.basicapi.UsingVarargsTest::shouldVerifyWithAnyObject
Mockito,1,org.mockitousage.basicapi.UsingVarargsTest::shouldVerifyWithNullVarArgArray
Mockito,1,org.mockitousage.bugs.varargs.VarargsAndAnyObjectPicksUpExtraInvocationsTest::shouldVerifyCorrectlyNumberOfInvocationsUsingAnyVarargAndEqualArgument
Mockito,1,org.mockitousage.bugs.varargs.VarargsAndAnyObjectPicksUpExtraInvocationsTest::shouldVerifyCorrectlyWithAnyVarargs
Mockito,1,org.mockitousage.bugs.varargs.VarargsNotPlayingWithAnyObjectTest::shouldStubUsingAnyVarargs
Mockito,1,org.mockitousage.bugs.VarargsErrorWhenCallingRealMethodTest::shouldNotThrowAnyException
Mockito,1,org.mockitousage.matchers.VerificationAndStubbingUsingMatchersTest::shouldVerifyUsingMatchers
Mockito,1,org.mockitousage.stubbing.BasicStubbingTest::should_evaluate_latest_stubbing_first
Mockito,1,org.mockitousage.stubbing.BasicStubbingTest::test_stub_only_not_verifiable
Mockito,1,org.mockitousage.stubbing.DeprecatedStubbingTest::shouldEvaluateLatestStubbingFirst
Mockito,1,org.mockitousage.verification.VerificationInOrderMixedWithOrdiraryVerificationTest::shouldUseEqualsToVerifyMethodVarargs
Mockito,2,org.mockito.internal.util.TimerTest::should_throw_friendly_reminder_exception_when_duration_is_negative
Mockito,2,org.mockito.verification.NegativeDurationTest::should_throw_exception_when_duration_is_negative_for_after_method
Mockito,2,org.mockito.verification.NegativeDurationTest::should_throw_exception_when_duration_is_negative_for_timeout_method
Mockito,3,org.mockito.internal.invocation.InvocationMatcherTest::should_capture_varargs_as_vararg
Mockito,3,org.mockitousage.bugs.varargs.VarargsAndAnyObjectPicksUpExtraInvocationsTest::shouldVerifyCorrectlyNumberOfInvocationsWithVarargs
Mockito,3,org.mockitousage.bugs.varargs.VarargsNotPlayingWithAnyObjectTest::shouldMatchAnyVararg
Mockito,3,org.mockitousage.matchers.CapturingArgumentsTest::captures_correctly_when_captor_used_multiple_times
Mockito,3,org.mockitousage.matchers.CapturingArgumentsTest::captures_correctly_when_captor_used_on_pure_vararg_method
Mockito,3,org.mockitousage.matchers.CapturingArgumentsTest::should_capture_all_vararg
Mockito,3,org.mockitousage.matchers.CapturingArgumentsTest::should_capture_byte_vararg_by_creating_captor_with_primitive
Mockito,3,org.mockitousage.matchers.CapturingArgumentsTest::should_capture_byte_vararg_by_creating_captor_with_primitive_wrapper
Mockito,3,org.mockitousage.matchers.CapturingArgumentsTest::should_capture_vararg
Mockito,4,org.mockito.exceptions.ReporterTest::can_use_mock_name_even_when_mock_bogus_default_answer_and_when_reporting_no_more_interaction_wanted
Mockito,4,org.mockito.exceptions.ReporterTest::can_use_print_mock_name_even_when_mock_bogus_default_answer_and_when_reporting_injection_failure
Mockito,4,org.mockito.exceptions.ReporterTest::can_use_print_mock_name_even_when_mock_bogus_default_answer_and_when_reporting_no_more_interaction_wanted_in_order
Mockito,4,org.mockitousage.bugs.ClassCastExOnVerifyZeroInteractionsTest::should_not_throw_a_ClassCastException
Mockito,5,org.mockitointegration.NoJUnitDependenciesTest::pure_mockito_should_not_depend_JUnit
Mockito,6,org.mockitousage.matchers.AnyXMatchersAcceptNullsTest::shouldNotAcceptNullInAllAnyPrimitiveWrapperMatchers
Mockito,6,org.mockitousage.matchers.AnyXMatchersAcceptNullsTest::shouldNotAcceptNullInAnyXMatchers
Mockito,6,org.mockitousage.matchers.MatchersTest::anyStringMatcher
Mockito,6,org.mockitousage.matchers.NewMatchersTest::shouldAllowAnyCollection
Mockito,6,org.mockitousage.matchers.NewMatchersTest::shouldAllowAnyList
Mockito,6,org.mockitousage.matchers.NewMatchersTest::shouldAllowAnyMap
Mockito,6,org.mockitousage.matchers.NewMatchersTest::shouldAllowAnySet
Mockito,7,org.mockitousage.bugs.deepstubs.DeepStubFailingWhenGenricNestedAsRawTypeTest::discoverDeepMockingOfGenerics
Mockito,8,org.mockito.internal.util.reflection.GenericMetadataSupportTest::typeVariable_of_self_type
Mockito,9,org.mockitousage.constructor.CreatingMocksWithConstructorTest::abstractMethodReturnsDefault
Mockito,9,org.mockitousage.constructor.CreatingMocksWithConstructorTest::abstractMethodStubbed
Mockito,9,org.mockitousage.constructor.CreatingMocksWithConstructorTest::testCallsRealInterfaceMethod
Mockito,10,org.mockitousage.bugs.DeepStubsWronglyReportsSerializationProblemsTest::should_not_raise_a_mockito_exception_about_serialization_when_accessing_deep_stub
Mockito,11,org.mockito.internal.creation.DelegatingMethodTest::equals_should_return_true_when_equal
Mockito,11,org.mockito.internal.creation.DelegatingMethodTest::equals_should_return_true_when_self
Mockito,12,org.mockito.internal.util.reflection.GenericMasterTest::shouldDealWithNestedGenerics
Mockito,12,org.mockitousage.annotation.CaptorAnnotationBasicTest::shouldCaptureGenericList
Mockito,12,org.mockitousage.annotation.CaptorAnnotationBasicTest::shouldUseAnnotatedCaptor
Mockito,12,org.mockitousage.annotation.CaptorAnnotationBasicTest::shouldUseCaptorInOrdinaryWay
Mockito,12,org.mockitousage.annotation.CaptorAnnotationBasicTest::shouldUseGenericlessAnnotatedCaptor
Mockito,12,org.mockitousage.annotation.CaptorAnnotationTest::shouldLookForAnnotatedCaptorsInSuperClasses
Mockito,12,org.mockitousage.annotation.CaptorAnnotationTest::shouldScreamWhenInitializingCaptorsForNullClass
Mockito,12,org.mockitousage.annotation.CaptorAnnotationTest::shouldScreamWhenMoreThanOneMockitoAnnotaton
Mockito,12,org.mockitousage.annotation.CaptorAnnotationTest::shouldScreamWhenWrongTypeForCaptor
Mockito,12,org.mockitousage.annotation.CaptorAnnotationTest::testNormalUsage
Mockito,13,org.mockitousage.bugs.VerifyingWithAnExtraCallToADifferentMockTest::shouldAllowVerifyingWhenOtherMockCallIsInTheSameLine
Mockito,14,org.mockitousage.bugs.VerifyingWithAnExtraCallToADifferentMockTest::shouldAllowVerifyingWhenOtherMockCallIsInTheSameLine
Mockito,15,org.mockitousage.bugs.InjectMocksShouldTryPropertySettersFirstBeforeFieldAccessTest::shouldInjectUsingPropertySetterIfAvailable
Mockito,16,org.mockitousage.bugs.StubbingMocksThatAreConfiguredToReturnMocksTest::shouldAllowStubbingMocksConfiguredWithRETURNS_MOCKS
Mockito,17,org.mockitousage.basicapi.MocksSerializationTest::shouldBeSerializeAndHaveExtraInterfaces
Mockito,18,org.mockito.internal.stubbing.defaultanswers.ReturnsEmptyValuesTest::should_return_empty_iterable
Mockito,19,org.mockitousage.annotation.MockInjectionUsingSetterOrPropertyTest::shouldInsertFieldWithCorrectNameWhenMultipleTypesAvailable
Mockito,20,org.mockitousage.annotation.SpyAnnotationTest::should_report_when_constructor_is_explosive
Mockito,20,org.mockitousage.annotation.SpyAnnotationTest::should_spy_inner_class
Mockito,20,org.mockitousage.constructor.CreatingMocksWithConstructorTest::can_create_mock_with_constructor
Mockito,20,org.mockitousage.constructor.CreatingMocksWithConstructorTest::can_mock_abstract_classes
Mockito,20,org.mockitousage.constructor.CreatingMocksWithConstructorTest::can_mock_inner_classes
Mockito,20,org.mockitousage.constructor.CreatingMocksWithConstructorTest::can_spy_abstract_classes
Mockito,20,org.mockitousage.constructor.CreatingMocksWithConstructorTest::exception_message_when_constructor_not_found
Mockito,20,org.mockitousage.constructor.CreatingMocksWithConstructorTest::mocking_inner_classes_with_wrong_outer_instance
Mockito,21,org.mockito.internal.creation.instance.ConstructorInstantiatorTest::creates_instances_of_inner_classes
Mockito,22,org.mockito.internal.matchers.EqualityTest::shouldKnowIfObjectsAreEqual
Mockito,23,org.mockitousage.stubbing.DeepStubsSerializableTest::should_serialize_and_deserialize_mock_created_by_deep_stubs
Mockito,24,org.mockito.internal.stubbing.defaultanswers.ReturnsEmptyValuesTest::should_return_zero_if_mock_is_compared_to_itself
Mockito,24,org.mockitousage.bugs.ShouldMocksCompareToBeConsistentWithEqualsTest::should_compare_to_be_consistent_with_equals_when_comparing_the_same_reference
Mockito,25,org.mockito.internal.stubbing.defaultanswers.ReturnsGenericDeepStubsTest::can_create_mock_from_multiple_type_variable_bounds_when_method_return_type_is_referencing_a_typevar_on_class
Mockito,25,org.mockito.internal.stubbing.defaultanswers.ReturnsGenericDeepStubsTest::can_create_mock_from_multiple_type_variable_bounds_when_return_type_of_parameterized_method_is_a_parameterizedtype_that_is_referencing_a_typevar_on_class
Mockito,25,org.mockito.internal.stubbing.defaultanswers.ReturnsGenericDeepStubsTest::can_create_mock_from_multiple_type_variable_bounds_when_return_type_of_parameterized_method_is_a_typevar_that_is_referencing_a_typevar_on_class
Mockito,25,org.mockito.internal.stubbing.defaultanswers.ReturnsGenericDeepStubsTest::can_create_mock_from_return_types_declared_with_a_bounded_wildcard
Mockito,25,org.mockito.internal.stubbing.defaultanswers.ReturnsGenericDeepStubsTest::generic_deep_mock_frenzy__look_at_these_chained_calls
Mockito,25,org.mockito.internal.stubbing.defaultanswers.ReturnsGenericDeepStubsTest::will_return_default_value_on_non_mockable_nested_generic
Mockito,26,org.mockito.internal.progress.HandyReturnValuesTest::should_default_values_for_primitive
Mockito,26,org.mockito.internal.stubbing.defaultanswers.ReturnsEmptyValuesTest::should_return_primitive
Mockito,26,org.mockito.internal.stubbing.defaultanswers.ReturnsMocksTest::should_return_the_usual_default_values_for_primitives
Mockito,26,org.mockito.internal.stubbing.defaultanswers.ReturnsSmartNullsTest::should_return_the_usual_default_values_for_primitives
Mockito,27,org.mockitousage.bugs.ListenersLostOnResetMockTest::listener
Mockito,28,org.mockitousage.bugs.InjectionByTypeShouldFirstLookForExactTypeThenAncestorTest::mock_should_be_injected_once_and_in_the_best_matching_type
Mockito,29,org.mockitousage.bugs.NPEWithCertainMatchersTest::shouldNotThrowNPEWhenNullPassedToSame
Mockito,30,org.mockito.internal.stubbing.defaultanswers.ReturnsSmartNullsTest::shouldPrintTheParametersOnSmartNullPointerExceptionMessage
Mockito,31,org.mockito.internal.stubbing.defaultanswers.ReturnsSmartNullsTest::shouldPrintTheParametersWhenCallingAMethodWithArgs
Mockito,32,org.mockitousage.bugs.SpyShouldHaveNiceNameTest::shouldPrintNiceName
Mockito,33,org.mockitousage.bugs.InheritedGenericsPolimorphicCallTest::shouldStubbingWork
Mockito,33,org.mockitousage.bugs.InheritedGenericsPolimorphicCallTest::shouldVerificationWorks
Mockito,34,org.mockito.internal.invocation.InvocationMatcherTest::shouldMatchCaptureArgumentsWhenArgsCountDoesNOTMatch
Mockito,34,org.mockitousage.basicapi.UsingVarargsTest::shouldMatchEasilyEmptyVararg
Mockito,35,org.mockitousage.bugs.NPEWithCertainMatchersTest::shouldNotThrowNPEWhenIntegerPassed
Mockito,35,org.mockitousage.bugs.NPEWithCertainMatchersTest::shouldNotThrowNPEWhenIntegerPassedToEq
Mockito,35,org.mockitousage.bugs.NPEWithCertainMatchersTest::shouldNotThrowNPEWhenIntegerPassedToSame
Mockito,35,org.mockitousage.bugs.NPEWithCertainMatchersTest::shouldNotThrowNPEWhenIntPassed
Mockito,36,org.mockito.internal.invocation.InvocationTest::shouldScreamWhenCallingRealMethodOnInterface
Mockito,36,org.mockitousage.spies.SpyingOnInterfacesTest::shouldFailInRuntimeWhenCallingRealMethodOnInterface
Mockito,37,org.mockito.internal.stubbing.answers.AnswersValidatorTest::shouldFailWhenCallingRealMethodOnIterface
Mockito,37,org.mockitousage.spies.SpyingOnInterfacesTest::shouldFailFastWhenCallingRealMethodOnInterface
Mockito,38,org.mockito.internal.verification.argumentmatching.ArgumentMatchingToolTest::shouldWorkFineWhenGivenArgIsNull
Mockito,38,org.mockitousage.bugs.ActualInvocationHasNullArgumentNPEBugTest::shouldAllowPassingNullArgument
Time,1,org.joda.time.TestPartial_Constructors::testConstructorEx7_TypeArray_intArray
Time,2,org.joda.time.TestPartial_Basics::testWith_baseAndArgHaveNoRange
Time,3,org.joda.time.TestMutableDateTime_Adds::testAdd_DurationFieldType_int_dstOverlapWinter_addZero
Time,3,org.joda.time.TestMutableDateTime_Adds::testAddDays_int_dstOverlapWinter_addZero
Time,3,org.joda.time.TestMutableDateTime_Adds::testAddMonths_int_dstOverlapWinter_addZero
Time,3,org.joda.time.TestMutableDateTime_Adds::testAddWeeks_int_dstOverlapWinter_addZero
Time,3,org.joda.time.TestMutableDateTime_Adds::testAddYears_int_dstOverlapWinter_addZero
Time,4,org.joda.time.TestPartial_Basics::testWith3
Time,5,org.joda.time.TestPeriod_Basics::testNormalizedStandard_periodType_months1
Time,5,org.joda.time.TestPeriod_Basics::testNormalizedStandard_periodType_months2
Time,5,org.joda.time.TestPeriod_Basics::testNormalizedStandard_periodType_monthsWeeks
Time,6,org.joda.time.chrono.TestGJDate::test_cutoverPreZero
Time,6,org.joda.time.chrono.TestGJDate::test_plusWeekyears_positiveToNegative_crossCutover
Time,6,org.joda.time.chrono.TestGJDate::test_plusWeekyears_positiveToZero_crossCutover
Time,6,org.joda.time.chrono.TestGJDate::test_plusYears_positiveToNegative_crossCutover
Time,6,org.joda.time.chrono.TestGJDate::test_plusYears_positiveToZero_crossCutover
Time,7,org.joda.time.format.TestDateTimeFormatter::testParseInto_monthDay_feb29_newYork_startOfYear
Time,7,org.joda.time.format.TestDateTimeFormatter::testParseInto_monthDay_feb29_tokyo_endOfYear
Time,8,org.joda.time.TestDateTimeZone::testForOffsetHoursMinutes_int_int
Time,9,org.joda.time.TestDateTimeZone::testForOffsetHoursMinutes_int_int
Time,10,org.joda.time.TestDays::testFactory_daysBetween_RPartial_MonthDay
Time,10,org.joda.time.TestMonths::testFactory_monthsBetween_RPartial_MonthDay
Time,11,org.joda.time.tz.TestCompiler::testDateTimeZoneBuilder
Time,12,org.joda.time.TestLocalDate_Constructors::testFactory_fromCalendarFields_beforeYearZero1
Time,12,org.joda.time.TestLocalDate_Constructors::testFactory_fromCalendarFields_beforeYearZero3
Time,12,org.joda.time.TestLocalDate_Constructors::testFactory_fromDateFields_beforeYearZero1
Time,12,org.joda.time.TestLocalDate_Constructors::testFactory_fromDateFields_beforeYearZero3
Time,12,org.joda.time.TestLocalDateTime_Constructors::testFactory_fromCalendarFields_beforeYearZero1
Time,12,org.joda.time.TestLocalDateTime_Constructors::testFactory_fromCalendarFields_beforeYearZero3
Time,12,org.joda.time.TestLocalDateTime_Constructors::testFactory_fromDateFields_beforeYearZero1
Time,12,org.joda.time.TestLocalDateTime_Constructors::testFactory_fromDateFields_beforeYearZero3
Time,13,org.joda.time.format.TestISOPeriodFormat::testFormatStandard_negative
Time,14,org.joda.time.TestMonthDay_Basics::testMinusDays_int_negativeFromLeap
Time,14,org.joda.time.TestMonthDay_Basics::testMinusMonths_int_endOfMonthAdjust
Time,14,org.joda.time.TestMonthDay_Basics::testMinusMonths_int_fromLeap
Time,14,org.joda.time.TestMonthDay_Basics::testMinusMonths_int_negativeFromLeap
Time,14,org.joda.time.TestMonthDay_Basics::testPlusDays_int_fromLeap
Time,14,org.joda.time.TestMonthDay_Basics::testPlusMonths_int_fromLeap
Time,14,org.joda.time.TestMonthDay_Basics::testPlusMonths_int_negativeEndOfMonthAdjust
Time,14,org.joda.time.TestMonthDay_Basics::testPlusMonths_int_negativeFromLeap
Time,15,org.joda.time.field.TestFieldUtils::testSafeMultiplyLongInt
Time,16,org.joda.time.format.TestDateTimeFormatter::testParseInto_monthDay_feb29
Time,16,org.joda.time.format.TestDateTimeFormatter::testParseInto_monthDay_withDefaultYear_feb29
Time,16,org.joda.time.format.TestDateTimeFormatter::testParseInto_monthOnly
Time,16,org.joda.time.format.TestDateTimeFormatter::testParseInto_monthOnly_baseEndYear
Time,16,org.joda.time.format.TestDateTimeFormatter::testParseInto_monthOnly_baseStartYear
Time,16,org.joda.time.format.TestDateTimeFormatter::testParseInto_monthOnly_parseEndYear
Time,16,org.joda.time.format.TestDateTimeFormatter::testParseInto_monthOnly_parseStartYear
Time,17,org.joda.time.TestDateTimeZoneCutover::testBug3476684_adjustOffset
Time,18,org.joda.time.chrono.TestGJChronology::testLeapYearRulesConstruction
Time,19,org.joda.time.TestDateTimeZoneCutover::testDateTimeCreation_london
Time,20,org.joda.time.format.TestDateTimeFormatterBuilder::test_printParseZoneDawsonCreek
Time,21,org.joda.time.TestDateTimeZone::testGetName_berlin
Time,21,org.joda.time.TestDateTimeZone::testGetShortName_berlin
Time,22,org.joda.time.TestDuration_Basics::testToPeriod_fixedZone
Time,22,org.joda.time.TestPeriod_Constructors::testConstructor_long_fixedZone
Time,23,org.joda.time.TestDateTimeZone::testForID_String_old
Time,24,org.joda.time.format.TestDateTimeFormatter::testParseLocalDate_weekyear_month_week_2010
Time,24,org.joda.time.format.TestDateTimeFormatter::testParseLocalDate_weekyear_month_week_2011
Time,24,org.joda.time.format.TestDateTimeFormatter::testParseLocalDate_weekyear_month_week_2012
Time,24,org.joda.time.format.TestDateTimeFormatter::testParseLocalDate_year_month_week_2010
Time,24,org.joda.time.format.TestDateTimeFormatter::testParseLocalDate_year_month_week_2011
Time,24,org.joda.time.format.TestDateTimeFormatter::testParseLocalDate_year_month_week_2012
Time,24,org.joda.time.format.TestDateTimeFormatter::testParseLocalDate_year_month_week_2016
Time,25,org.joda.time.TestDateTimeZoneCutover::test_DateTime_constructor_Moscow_Autumn
Time,25,org.joda.time.TestDateTimeZoneCutover::test_getOffsetFromLocal_Moscow_Autumn
Time,25,org.joda.time.TestDateTimeZoneCutover::test_getOffsetFromLocal_Moscow_Autumn_overlap_mins
Time,26,org.joda.time.TestDateTimeZoneCutover::testBug2182444_ausNSW
Time,26,org.joda.time.TestDateTimeZoneCutover::testBug2182444_usCentral
Time,26,org.joda.time.TestDateTimeZoneCutover::testWithHourOfDayInDstChange
Time,26,org.joda.time.TestDateTimeZoneCutover::testWithMillisOfSecondInDstChange_NewYork_winter
Time,26,org.joda.time.TestDateTimeZoneCutover::testWithMillisOfSecondInDstChange_Paris_summer
Time,26,org.joda.time.TestDateTimeZoneCutover::testWithMinuteOfHourInDstChange
Time,26,org.joda.time.TestDateTimeZoneCutover::testWithMinuteOfHourInDstChange_mockZone
Time,26,org.joda.time.TestDateTimeZoneCutover::testWithSecondOfMinuteInDstChange
Time,27,org.joda.time.format.TestPeriodFormatterBuilder::testBug2495455
